#! /c/Source/iverilog-install/bin/vvp
:ivl_version "12.0 (devel)" "(s20150603-1539-g2693dd32b)";
:ivl_delay_selection "TYPICAL";
:vpi_time_precision - 12;
:vpi_module "C:\iverilog\lib\ivl\system.vpi";
:vpi_module "C:\iverilog\lib\ivl\vhdl_sys.vpi";
:vpi_module "C:\iverilog\lib\ivl\vhdl_textio.vpi";
:vpi_module "C:\iverilog\lib\ivl\v2005_math.vpi";
:vpi_module "C:\iverilog\lib\ivl\va_math.vpi";
:vpi_module "C:\iverilog\lib\ivl\v2009.vpi";
S_0000025fc45a39f0 .scope package, "$unit" "$unit" 2 1;
 .timescale 0 0;
S_0000025fc45a65a0 .scope package, "tinyml_pkg" "tinyml_pkg" 3 17;
 .timescale 0 0;
P_0000025fc44e7690 .param/l "ACC_WIDTH" 0 3 28, C4<00000000000000000000000000100000>;
P_0000025fc44e76c8 .param/l "IMEM_DEPTH_WORDS" 0 3 23, C4<00000000000000000000010000000000>;
P_0000025fc44e7700 .param/l "OUT_DEPTH" 0 3 26, C4<00000000000000000001000000000000>;
P_0000025fc44e7738 .param/l "PARAM_DEPTH" 0 3 25, C4<00000000000000010000000000000000>;
P_0000025fc44e7770 .param/l "RELU6_MAX" 0 3 30, C4<00000000000000000000000001111111>;
P_0000025fc44e77a8 .param/l "REQUANT_SHIFT" 0 3 29, C4<00000000000000000000000000000000>;
P_0000025fc44e77e0 .param/l "SIMD_WIDTH" 0 3 27, C4<00000000000000000000000000001000>;
P_0000025fc44e7818 .param/l "SPAD_DEPTH" 0 3 24, C4<00000000000000000001000000000000>;
enum0000025fc44832c0 .enum4 (8)
   "OP_NOP" 8'b00000000,
   "OP_LOAD" 8'b00000001,
   "OP_STORE" 8'b00000010,
   "OP_DENSE" 8'b00000011,
   "OP_ACT" 8'b00000100,
   "OP_END" 8'b00000101,
   "OP_CONV_CFG" 8'b00000110,
   "OP_CONV" 8'b00000111
 ;
enum0000025fc448a2f0 .enum4 (8)
   "ACT_NONE" 8'b00000000,
   "ACT_RELU" 8'b00000001,
   "ACT_RELU6" 8'b00000010,
   "ACT_SIGMOID" 8'b00000011,
   "ACT_TANH" 8'b00000100
 ;
S_0000025fc45b7460 .scope autofunction.vec4.u8, "sat8" "sat8" 3 106, 3 106 0, S_0000025fc45a65a0;
 .timescale 0 0;
; Variable sat8 is vec4 return value of scope S_0000025fc45b7460
v0000025fc4581190_0 .var/s "val", 31 0;
TD_tinyml_pkg.sat8 ;
    %load/vec4 v0000025fc4581190_0;
    %cmpi/s 127, 0, 32;
    %flag_or 5, 4; GT is !LE
    %flag_inv 5;
    %jmp/0xz  T_0.0, 5;
    %pushi/vec4 127, 0, 8;
    %ret/vec4 0, 0, 8;  Assign to sat8 (store_vec4_to_lval)
    %jmp T_0.1;
T_0.0 ;
    %load/vec4 v0000025fc4581190_0;
    %cmpi/s 4294967168, 0, 32;
    %jmp/0xz  T_0.2, 5;
    %pushi/vec4 128, 0, 8;
    %ret/vec4 0, 0, 8;  Assign to sat8 (store_vec4_to_lval)
    %jmp T_0.3;
T_0.2 ;
    %load/vec4 v0000025fc4581190_0;
    %parti/s 8, 0, 2;
    %ret/vec4 0, 0, 8;  Assign to sat8 (store_vec4_to_lval)
T_0.3 ;
T_0.1 ;
    %end;
S_0000025fc45a93a0 .scope module, "tb_flow" "tb_flow" 4 13;
 .timescale -9 -12;
P_0000025fc4484c60 .param/l "AW" 1 4 16, +C4<00000000000000000000000000100000>;
P_0000025fc4484c98 .param/l "W" 1 4 15, +C4<00000000000000000000000000000100>;
v0000025fc46366f0 .array/s "bias_buffer", 65535 0, 7 0;
v0000025fc4637a50_0 .var/i "bias_count", 31 0;
v0000025fc4636290_0 .net "busy", 0 0, v0000025fc4607f30_0;  1 drivers
v0000025fc4637af0_0 .var "clk", 0 0;
v0000025fc46372d0_0 .net "done", 0 0, v0000025fc4609a10_0;  1 drivers
v0000025fc46361f0_0 .net "error", 0 0, v0000025fc4609ab0_0;  1 drivers
v0000025fc4637190_0 .net "error_code", 7 0, v0000025fc4609b50_0;  1 drivers
v0000025fc4636330_0 .var/i "fail_count", 31 0;
v0000025fc4637d70 .array/s "golden_buffer", 4095 0, 7 0;
v0000025fc46365b0_0 .var "host_addr", 15 0;
v0000025fc4637410_0 .net "host_rd_data32", 31 0, L_0000025fc4574810;  1 drivers
v0000025fc4636c90_0 .net/s "host_rd_data8", 7 0, v0000025fc462ce30_0;  1 drivers
v0000025fc4636fb0_0 .var "host_rd_en", 0 0;
v0000025fc4637050_0 .var "host_target_id", 2 0;
v0000025fc4637b90_0 .var "host_wr_data32", 31 0;
v0000025fc4636d30_0 .var/s "host_wr_data8", 7 0;
v0000025fc4637230_0 .var "host_wr_en", 0 0;
v0000025fc4636790_0 .var/i "i", 31 0;
v0000025fc4637370 .array "imem_buffer", 1023 0, 31 0;
v0000025fc4636470_0 .var/i "imem_count", 31 0;
v0000025fc4637eb0 .array/s "input_buffer", 4095 0, 7 0;
v0000025fc4636650_0 .var/i "input_count", 31 0;
v0000025fc46374b0_0 .var/i "out_file_fd", 31 0;
v0000025fc4636830 .array/s "output_buffer", 4095 0, 7 0;
v0000025fc4637c30_0 .var/i "output_count", 31 0;
v0000025fc46383b0_0 .var "rst_n", 0 0;
v0000025fc46368d0_0 .var "start", 0 0;
v0000025fc4637ff0_0 .var/i "trace_cycle", 31 0;
v0000025fc4638310_0 .var/i "trace_instruction_active", 31 0;
v0000025fc4637550_0 .var/i "trace_instruction_id", 31 0;
v0000025fc46375f0_0 .var "trace_opcode", 7 0;
v0000025fc4637690_0 .var/i "trace_start_cycle", 31 0;
v0000025fc4637cd0 .array/s "weight_buffer", 65535 0, 7 0;
v0000025fc4637e10_0 .var/i "weight_count", 31 0;
S_0000025fc45b75f0 .scope begin, "$unm_blk_136" "$unm_blk_136" 4 188, 4 188 0, S_0000025fc45a93a0;
 .timescale -9 -12;
v0000025fc45826d0_0 .var/2s "cycles", 31 0;
E_0000025fc453b080 .event posedge, v0000025fc4581910_0;
E_0000025fc453a880 .event negedge, v0000025fc4581910_0;
S_0000025fc4409f20 .scope module, "dut" "tinyml_accelerator_top" 4 108, 5 14 0, S_0000025fc45a93a0;
 .timescale -9 -12;
    .port_info 0 /INPUT 1 "clk";
    .port_info 1 /INPUT 1 "rst_n";
    .port_info 2 /INPUT 1 "start";
    .port_info 3 /OUTPUT 1 "busy";
    .port_info 4 /OUTPUT 1 "done";
    .port_info 5 /OUTPUT 1 "error";
    .port_info 6 /OUTPUT 8 "error_code";
    .port_info 7 /INPUT 1 "host_wr_en";
    .port_info 8 /INPUT 1 "host_rd_en";
    .port_info 9 /INPUT 3 "host_target_id";
    .port_info 10 /INPUT 16 "host_addr";
    .port_info 11 /INPUT 32 "host_wr_data32";
    .port_info 12 /INPUT 8 "host_wr_data8";
    .port_info 13 /OUTPUT 32 "host_rd_data32";
    .port_info 14 /OUTPUT 8 "host_rd_data8";
P_0000025fc440a0b0 .param/l "ACC_WIDTH" 0 5 21, C4<00000000000000000000000000100000>;
P_0000025fc440a0e8 .param/l "HMEM_DEPTH" 0 5 19, C4<00000000000000000001000000000000>;
P_0000025fc440a120 .param/l "IMEM_DEPTH_WORDS" 0 5 15, C4<00000000000000000000010000000000>;
P_0000025fc440a158 .param/l "OUT_DEPTH" 0 5 18, C4<00000000000000000001000000000000>;
P_0000025fc440a190 .param/l "PARAM_DEPTH" 0 5 17, C4<00000000000000010000000000000000>;
P_0000025fc440a1c8 .param/l "RELU6_MAX" 0 5 23, C4<00000000000000000000000001111111>;
P_0000025fc440a200 .param/l "REQUANT_SHIFT" 0 5 22, C4<00000000000000000000000000000000>;
P_0000025fc440a238 .param/l "SIMD_WIDTH" 0 5 20, C4<00000000000000000000000000000100>;
P_0000025fc440a270 .param/l "SPAD_DEPTH" 0 5 16, C4<00000000000000000001000000000000>;
L_0000025fc45749d0 .functor BUFZ 32, v0000025fc462c430_0, C4<00000000000000000000000000000000>, C4<00000000000000000000000000000000>, C4<00000000000000000000000000000000>;
L_0000025fc4574960 .functor BUFZ 8, v0000025fc45810f0_0, C4<00000000>, C4<00000000>, C4<00000000>;
L_0000025fc4574a40 .functor BUFZ 8, v0000025fc45810f0_0, C4<00000000>, C4<00000000>, C4<00000000>;
L_0000025fc4574ab0 .functor BUFZ 8, v0000025fc4605120_0, C4<00000000>, C4<00000000>, C4<00000000>;
L_0000025fc4574b90 .functor BUFZ 8, v0000025fc460a190_0, C4<00000000>, C4<00000000>, C4<00000000>;
v0000025fc4631830_0 .net *"_ivl_37", 9 0, L_0000025fc4686350;  1 drivers
v0000025fc4632c30_0 .net "bias_host_rd_addr", 15 0, L_0000025fc4574880;  1 drivers
v0000025fc4632370_0 .net/s "bias_host_rd_data", 7 0, L_0000025fc4574b90;  1 drivers
v0000025fc46324b0_0 .net "bias_host_rd_en", 0 0, L_0000025fc45748f0;  1 drivers
v0000025fc46333b0_0 .net "bias_host_wr_addr", 15 0, L_0000025fc4574ce0;  1 drivers
v0000025fc4632050_0 .net/s "bias_host_wr_data", 7 0, L_0000025fc4574730;  1 drivers
v0000025fc46313d0_0 .net "bias_host_wr_en", 0 0, L_0000025fc4574dc0;  1 drivers
v0000025fc46320f0_0 .net "bias_mux_rd_addr", 15 0, L_0000025fc46879d0;  1 drivers
v0000025fc4631c90_0 .net "busy", 0 0, v0000025fc4607f30_0;  alias, 1 drivers
v0000025fc4632ff0_0 .net "clk", 0 0, v0000025fc4637af0_0;  1 drivers
v0000025fc4632cd0_0 .net "ctrl_spad_rd_addr", 15 0, v0000025fc460ac30_0;  1 drivers
v0000025fc4632230_0 .net/s "ctrl_spad_rd_data", 7 0, L_0000025fc4574960;  1 drivers
v0000025fc46329b0_0 .net "ctrl_spad_rd_en", 0 0, v0000025fc460b310_0;  1 drivers
v0000025fc4632550_0 .net "ctrl_spad_wr_addr", 15 0, v0000025fc460acd0_0;  1 drivers
v0000025fc4633270_0 .net/s "ctrl_spad_wr_data", 7 0, v0000025fc460ad70_0;  1 drivers
v0000025fc4633310_0 .net "ctrl_spad_wr_en", 0 0, v0000025fc460aeb0_0;  1 drivers
v0000025fc46334f0_0 .var "decoded_instr", 385 0;
v0000025fc4633770_0 .net "decoded_instr_raw", 385 0, L_0000025fc46867b0;  1 drivers
v0000025fc4633630_0 .net "dense_activation", 7 0, v0000025fc4609dd0_0;  1 drivers
v0000025fc46336d0_0 .net "dense_bias_addr", 15 0, v0000025fc46095b0_0;  1 drivers
v0000025fc46325f0_0 .net "dense_bias_rd_addr", 15 0, v0000025fc4629d70_0;  1 drivers
v0000025fc4633810_0 .net/s "dense_bias_rd_data", 7 0, v0000025fc460a190_0;  1 drivers
v0000025fc4631150_0 .net "dense_busy", 0 0, v0000025fc4628b50_0;  1 drivers
v0000025fc46318d0_0 .net "dense_done", 0 0, v0000025fc4627a70_0;  1 drivers
v0000025fc4633ef0_0 .net "dense_error", 0 0, v0000025fc4628510_0;  1 drivers
v0000025fc46356b0_0 .net "dense_input_addr", 15 0, v0000025fc46091f0_0;  1 drivers
v0000025fc4635a70_0 .net "dense_input_len", 15 0, v0000025fc460a5f0_0;  1 drivers
v0000025fc4633c70_0 .net "dense_output_addr", 15 0, v0000025fc4609330_0;  1 drivers
v0000025fc4633a90_0 .net "dense_output_len", 15 0, v0000025fc46093d0_0;  1 drivers
v0000025fc4633b30_0 .net "dense_requant_m0", 31 0, v0000025fc46096f0_0;  1 drivers
v0000025fc4633f90_0 .net/s "dense_requant_shift", 7 0, v0000025fc4609830_0;  1 drivers
v0000025fc46339f0_0 .net "dense_spad_rd_addr_bus", 63 0, L_0000025fc4688c90;  1 drivers
v0000025fc4635570_0 .net/s "dense_spad_rd_data_bus", 31 0, L_0000025fc4682890;  1 drivers
v0000025fc4635ed0_0 .net "dense_spad_wr_addr", 15 0, v0000025fc4627110_0;  1 drivers
v0000025fc4634030_0 .net/s "dense_spad_wr_data", 7 0, v0000025fc4626670_0;  1 drivers
v0000025fc46352f0_0 .net "dense_spad_wr_en", 0 0, v0000025fc4626710_0;  1 drivers
v0000025fc4635430_0 .net "dense_start", 0 0, v0000025fc460a550_0;  1 drivers
v0000025fc46342b0_0 .net "dense_weight_addr", 15 0, v0000025fc46098d0_0;  1 drivers
v0000025fc4633bd0_0 .net "dense_weight_rd_addr_bus", 63 0, L_0000025fc46af010;  1 drivers
v0000025fc4634530_0 .net/s "dense_weight_rd_data_bus", 31 0, L_0000025fc4682ed0;  1 drivers
v0000025fc46354d0_0 .net "done", 0 0, v0000025fc4609a10_0;  alias, 1 drivers
v0000025fc4634b70_0 .net "error", 0 0, v0000025fc4609ab0_0;  alias, 1 drivers
v0000025fc4634cb0_0 .net "error_code", 7 0, v0000025fc4609b50_0;  alias, 1 drivers
v0000025fc4635610_0 .net "fetch_error", 0 0, v0000025fc4629230_0;  1 drivers
v0000025fc46345d0_0 .net "fetch_next_pc", 15 0, v0000025fc462a450_0;  1 drivers
v0000025fc46348f0_0 .net "fetch_start", 0 0, v0000025fc4607fd0_0;  1 drivers
v0000025fc4634990_0 .net "hmem_host_rd_addr", 11 0, L_0000025fc4686e90;  1 drivers
v0000025fc4635c50_0 .net/s "hmem_host_rd_data", 7 0, v0000025fc462c070_0;  1 drivers
v0000025fc4634670_0 .net "hmem_host_rd_en", 0 0, L_0000025fc4572f90;  1 drivers
v0000025fc4634710_0 .net "hmem_host_wr_addr", 11 0, L_0000025fc46871b0;  1 drivers
v0000025fc46340d0_0 .net/s "hmem_host_wr_data", 7 0, L_0000025fc4572c10;  1 drivers
v0000025fc4634ad0_0 .net "hmem_host_wr_en", 0 0, L_0000025fc4572f20;  1 drivers
v0000025fc4635e30_0 .net "hmem_rd_addr", 15 0, v0000025fc4609d30_0;  1 drivers
v0000025fc4634d50_0 .net/s "hmem_rd_data", 7 0, v0000025fc462aa90_0;  1 drivers
v0000025fc4634fd0_0 .net "hmem_rd_en", 0 0, v0000025fc4609f10_0;  1 drivers
v0000025fc4634c10_0 .net "host_addr", 15 0, v0000025fc46365b0_0;  1 drivers
v0000025fc4634a30_0 .net "host_rd_data32", 31 0, L_0000025fc4574810;  alias, 1 drivers
v0000025fc4635890_0 .net/s "host_rd_data8", 7 0, v0000025fc462ce30_0;  alias, 1 drivers
v0000025fc4635f70_0 .net "host_rd_en", 0 0, v0000025fc4636fb0_0;  1 drivers
v0000025fc4633950_0 .net "host_target_id", 2 0, v0000025fc4637050_0;  1 drivers
v0000025fc46347b0_0 .net "host_wr_data32", 31 0, v0000025fc4637b90_0;  1 drivers
v0000025fc4636010_0 .net/s "host_wr_data8", 7 0, v0000025fc4636d30_0;  1 drivers
v0000025fc4635070_0 .net "host_wr_en", 0 0, v0000025fc4637230_0;  1 drivers
v0000025fc4634850_0 .net "imem_host_rd_addr", 9 0, L_0000025fc4686f30;  1 drivers
v0000025fc4634df0_0 .net "imem_host_rd_data", 31 0, L_0000025fc45749d0;  1 drivers
v0000025fc4634210_0 .net "imem_host_rd_en", 0 0, L_0000025fc4574650;  1 drivers
v0000025fc46360b0_0 .net "imem_host_wr_addr", 9 0, L_0000025fc46868f0;  1 drivers
v0000025fc4634170_0 .net "imem_host_wr_data", 31 0, L_0000025fc4572eb0;  1 drivers
v0000025fc4635390_0 .net "imem_host_wr_en", 0 0, L_0000025fc4574500;  1 drivers
v0000025fc4634e90_0 .net "imem_mux_rd_addr", 9 0, L_0000025fc4687930;  1 drivers
v0000025fc4635bb0_0 .net "imem_mux_rd_en", 0 0, L_0000025fc4687570;  1 drivers
v0000025fc46343f0_0 .net "imem_rd_addr", 15 0, v0000025fc46292d0_0;  1 drivers
v0000025fc4635750_0 .net "imem_rd_data", 31 0, v0000025fc462c430_0;  1 drivers
v0000025fc4634f30_0 .net "imem_rd_en", 0 0, v0000025fc46299b0_0;  1 drivers
v0000025fc4634490_0 .net "instr_valid", 0 0, v0000025fc4627b10_0;  1 drivers
v0000025fc46357f0_0 .net "omem_wr_addr", 15 0, v0000025fc460a910_0;  1 drivers
v0000025fc46351b0_0 .net/s "omem_wr_data", 7 0, v0000025fc460ae10_0;  1 drivers
v0000025fc4635110_0 .net "omem_wr_en", 0 0, v0000025fc460a9b0_0;  1 drivers
v0000025fc4635250_0 .net "outmem_host_rd_addr", 11 0, L_0000025fc46874d0;  1 drivers
v0000025fc4635930_0 .net/s "outmem_host_rd_data", 7 0, v0000025fc46316f0_0;  1 drivers
v0000025fc46359d0_0 .net "outmem_host_rd_en", 0 0, L_0000025fc4574b20;  1 drivers
v0000025fc4635b10_0 .net "pc_next", 15 0, v0000025fc460b4f0_0;  1 drivers
v0000025fc4635cf0_0 .net "pc_out", 15 0, v0000025fc4633450_0;  1 drivers
v0000025fc4635d90_0 .net "pc_write", 0 0, v0000025fc460b950_0;  1 drivers
v0000025fc4633d10_0 .net "rst_n", 0 0, v0000025fc46383b0_0;  1 drivers
v0000025fc4633db0_0 .net "spad_host_rd_addr", 11 0, L_0000025fc4686170;  1 drivers
v0000025fc4633e50_0 .net/s "spad_host_rd_data", 7 0, L_0000025fc4574a40;  1 drivers
v0000025fc4634350_0 .net "spad_host_rd_en", 0 0, L_0000025fc4572ac0;  1 drivers
v0000025fc4636f10_0 .net "spad_host_wr_addr", 11 0, L_0000025fc4687070;  1 drivers
v0000025fc4638090_0 .net/s "spad_host_wr_data", 7 0, L_0000025fc4573bd0;  1 drivers
v0000025fc4637730_0 .net "spad_host_wr_en", 0 0, L_0000025fc4573070;  1 drivers
v0000025fc4636ab0 .array "spad_lane_rd_data", 3 0;
v0000025fc4636ab0_0 .net/s v0000025fc4636ab0 0, 7 0, v0000025fc45810f0_0; 1 drivers
v0000025fc4636ab0_1 .net/s v0000025fc4636ab0 1, 7 0, v0000025fc44e7fa0_0; 1 drivers
v0000025fc4636ab0_2 .net/s v0000025fc4636ab0 2, 7 0, v0000025fc454c0a0_0; 1 drivers
v0000025fc4636ab0_3 .net/s v0000025fc4636ab0 3, 7 0, v0000025fc46054e0_0; 1 drivers
v0000025fc4638450_0 .net "spad_mux_a_wr_addr", 15 0, L_0000025fc46881f0;  1 drivers
v0000025fc46384f0_0 .net/s "spad_mux_a_wr_data", 7 0, L_0000025fc46877f0;  1 drivers
v0000025fc4636a10_0 .net "spad_mux_a_wr_en", 0 0, L_0000025fc46863f0;  1 drivers
v0000025fc4636970_0 .net "start", 0 0, v0000025fc46368d0_0;  1 drivers
v0000025fc46377d0_0 .net "w0", 31 0, v0000025fc462c390_0;  1 drivers
v0000025fc4636dd0_0 .net "w1", 31 0, v0000025fc462ab30_0;  1 drivers
v0000025fc4637910_0 .net "w2", 31 0, v0000025fc462c1b0_0;  1 drivers
v0000025fc4638590_0 .net "w3", 31 0, v0000025fc462ad10_0;  1 drivers
v0000025fc4638810_0 .net "w4", 31 0, v0000025fc462b030_0;  1 drivers
v0000025fc46363d0_0 .net "weight_host_rd_addr", 15 0, L_0000025fc4573c40;  1 drivers
v0000025fc4638130_0 .net/s "weight_host_rd_data", 7 0, L_0000025fc4574ab0;  1 drivers
v0000025fc4638270_0 .net "weight_host_rd_en", 0 0, L_0000025fc45730e0;  1 drivers
v0000025fc4638770_0 .net "weight_host_wr_addr", 15 0, L_0000025fc4572cf0;  1 drivers
v0000025fc4636b50_0 .net/s "weight_host_wr_data", 7 0, L_0000025fc4572c80;  1 drivers
v0000025fc46388b0_0 .net "weight_host_wr_en", 0 0, L_0000025fc4572b30;  1 drivers
v0000025fc4638630 .array "weight_lane_rd_data", 3 0;
v0000025fc4638630_0 .net/s v0000025fc4638630 0, 7 0, v0000025fc4605120_0; 1 drivers
v0000025fc4638630_1 .net/s v0000025fc4638630 1, 7 0, v0000025fc4605d00_0; 1 drivers
v0000025fc4638630_2 .net/s v0000025fc4638630 2, 7 0, v0000025fc46049a0_0; 1 drivers
v0000025fc4638630_3 .net/s v0000025fc4638630 3, 7 0, v0000025fc460a2d0_0; 1 drivers
E_0000025fc453aa00 .event anyedge, v0000025fc4623880_0, v0000025fc462a450_0;
L_0000025fc4638e50 .part L_0000025fc46881f0, 0, 12;
L_0000025fc4638950 .part L_0000025fc4688c90, 0, 16;
L_0000025fc4638d10 .functor MUXZ 16, v0000025fc460ac30_0, L_0000025fc4638950, v0000025fc4628b50_0, C4<>;
L_0000025fc4638c70 .part L_0000025fc46881f0, 0, 12;
L_0000025fc4638a90 .part L_0000025fc4688c90, 16, 16;
L_0000025fc4638ef0 .part L_0000025fc46881f0, 0, 12;
L_0000025fc4638f90 .part L_0000025fc4688c90, 32, 16;
L_0000025fc4638db0 .part L_0000025fc46881f0, 0, 12;
L_0000025fc4682890 .concat8 [ 8 8 8 8], L_0000025fc45722e0, L_0000025fc4571b00, L_0000025fc4570fa0, L_0000025fc45710f0;
L_0000025fc4682930 .part L_0000025fc4688c90, 48, 16;
L_0000025fc4681df0 .part L_0000025fc46af010, 0, 16;
L_0000025fc4683790 .functor MUXZ 16, L_0000025fc4573c40, L_0000025fc4681df0, v0000025fc4607f30_0, C4<>;
L_0000025fc4682d90 .part L_0000025fc46af010, 16, 16;
L_0000025fc4682cf0 .part L_0000025fc46af010, 32, 16;
L_0000025fc4682ed0 .concat8 [ 8 8 8 8], L_0000025fc4571240, L_0000025fc45717f0, L_0000025fc4571860, L_0000025fc4571390;
L_0000025fc4681e90 .part L_0000025fc46af010, 48, 16;
L_0000025fc4687570 .functor MUXZ 1, L_0000025fc4574650, v0000025fc46299b0_0, v0000025fc4607f30_0, C4<>;
L_0000025fc4686350 .part v0000025fc46292d0_0, 0, 10;
L_0000025fc4687930 .functor MUXZ 10, L_0000025fc4686f30, L_0000025fc4686350, v0000025fc4607f30_0, C4<>;
L_0000025fc46863f0 .functor MUXZ 1, v0000025fc460aeb0_0, v0000025fc4626710_0, v0000025fc4626710_0, C4<>;
L_0000025fc46881f0 .functor MUXZ 16, v0000025fc460acd0_0, v0000025fc4627110_0, v0000025fc4626710_0, C4<>;
L_0000025fc46877f0 .functor MUXZ 8, v0000025fc460ad70_0, v0000025fc4626670_0, v0000025fc4626710_0, C4<>;
L_0000025fc46879d0 .functor MUXZ 16, L_0000025fc4574880, v0000025fc4629d70_0, v0000025fc4607f30_0, C4<>;
L_0000025fc4687a70 .part v0000025fc4609d30_0, 0, 12;
L_0000025fc4687610 .part v0000025fc460a910_0, 0, 12;
S_0000025fc43c9090 .scope generate, "g_spad_banks[0]" "g_spad_banks[0]" 5 342, 5 342 0, S_0000025fc4409f20;
 .timescale -9 -12;
P_0000025fc453ae80 .param/l "lane" 0 5 342, +C4<00>;
L_0000025fc45722e0 .functor BUFZ 8, v0000025fc45810f0_0, C4<00000000>, C4<00000000>, C4<00000000>;
v0000025fc44e8180_0 .net *"_ivl_8", 7 0, L_0000025fc45722e0;  1 drivers
v0000025fc44e7a00_0 .net "lane_rd_addr", 15 0, L_0000025fc4638d10;  1 drivers
L_0000025fc4639030 .part L_0000025fc4638d10, 0, 12;
S_0000025fc43c9220 .scope generate, "g_lane0_addr" "g_lane0_addr" 5 344, 5 344 0, S_0000025fc43c9090;
 .timescale -9 -12;
v0000025fc4581f50_0 .net *"_ivl_0", 15 0, L_0000025fc4638950;  1 drivers
S_0000025fc43f4be0 .scope module, "u_spad_bank" "scratchpad_memory" 5 352, 6 13 0, S_0000025fc43c9090;
 .timescale -9 -12;
    .port_info 0 /INPUT 1 "clk";
    .port_info 1 /INPUT 1 "rst_n";
    .port_info 2 /INPUT 1 "a_rd_en";
    .port_info 3 /INPUT 12 "a_rd_addr";
    .port_info 4 /OUTPUT 8 "a_rd_data";
    .port_info 5 /INPUT 1 "a_wr_en";
    .port_info 6 /INPUT 12 "a_wr_addr";
    .port_info 7 /INPUT 8 "a_wr_data";
    .port_info 8 /INPUT 1 "b_rd_en";
    .port_info 9 /INPUT 12 "b_rd_addr";
    .port_info 10 /OUTPUT 8 "b_rd_data";
    .port_info 11 /INPUT 1 "b_wr_en";
    .port_info 12 /INPUT 12 "b_wr_addr";
    .port_info 13 /INPUT 8 "b_wr_data";
P_0000025fc453a900 .param/l "DEPTH" 0 6 14, C4<00000000000000000001000000000000>;
v0000025fc45828b0_0 .net "a_rd_addr", 11 0, L_0000025fc4639030;  1 drivers
v0000025fc45810f0_0 .var/s "a_rd_data", 7 0;
L_0000025fc4639108 .functor BUFT 1, C4<1>, C4<0>, C4<0>, C4<0>;
v0000025fc45817d0_0 .net "a_rd_en", 0 0, L_0000025fc4639108;  1 drivers
v0000025fc4581ff0_0 .net "a_wr_addr", 11 0, L_0000025fc4638e50;  1 drivers
v0000025fc4581370_0 .net/s "a_wr_data", 7 0, L_0000025fc46877f0;  alias, 1 drivers
v0000025fc4581410_0 .net "a_wr_en", 0 0, L_0000025fc46863f0;  alias, 1 drivers
v0000025fc45814b0_0 .net "b_rd_addr", 11 0, L_0000025fc4686170;  alias, 1 drivers
v0000025fc4581550_0 .var/s "b_rd_data", 7 0;
v0000025fc45815f0_0 .net "b_rd_en", 0 0, L_0000025fc4572ac0;  alias, 1 drivers
v0000025fc4581690_0 .net "b_wr_addr", 11 0, L_0000025fc4687070;  alias, 1 drivers
v0000025fc4581730_0 .net/s "b_wr_data", 7 0, L_0000025fc4573bd0;  alias, 1 drivers
v0000025fc4581870_0 .net "b_wr_en", 0 0, L_0000025fc4573070;  alias, 1 drivers
v0000025fc4581910_0 .net "clk", 0 0, v0000025fc4637af0_0;  alias, 1 drivers
v0000025fc45819b0 .array/s "mem", 4095 0, 7 0;
v0000025fc44e8360_0 .net "rst_n", 0 0, v0000025fc46383b0_0;  alias, 1 drivers
S_0000025fc43f4d70 .scope generate, "g_spad_banks[1]" "g_spad_banks[1]" 5 342, 5 342 0, S_0000025fc4409f20;
 .timescale -9 -12;
P_0000025fc453a780 .param/l "lane" 0 5 342, +C4<01>;
L_0000025fc4571b00 .functor BUFZ 8, v0000025fc44e7fa0_0, C4<00000000>, C4<00000000>, C4<00000000>;
v0000025fc44ef520_0 .net *"_ivl_8", 7 0, L_0000025fc4571b00;  1 drivers
v0000025fc44ef5c0_0 .net "lane_rd_addr", 15 0, L_0000025fc4638a90;  1 drivers
L_0000025fc4638b30 .part L_0000025fc4638a90, 0, 12;
S_0000025fc43c1b60 .scope generate, "g_lanen_addr" "g_lanen_addr" 5 344, 5 344 0, S_0000025fc43f4d70;
 .timescale -9 -12;
S_0000025fc43c1cf0 .scope module, "u_spad_bank" "scratchpad_memory" 5 352, 6 13 0, S_0000025fc43f4d70;
 .timescale -9 -12;
    .port_info 0 /INPUT 1 "clk";
    .port_info 1 /INPUT 1 "rst_n";
    .port_info 2 /INPUT 1 "a_rd_en";
    .port_info 3 /INPUT 12 "a_rd_addr";
    .port_info 4 /OUTPUT 8 "a_rd_data";
    .port_info 5 /INPUT 1 "a_wr_en";
    .port_info 6 /INPUT 12 "a_wr_addr";
    .port_info 7 /INPUT 8 "a_wr_data";
    .port_info 8 /INPUT 1 "b_rd_en";
    .port_info 9 /INPUT 12 "b_rd_addr";
    .port_info 10 /OUTPUT 8 "b_rd_data";
    .port_info 11 /INPUT 1 "b_wr_en";
    .port_info 12 /INPUT 12 "b_wr_addr";
    .port_info 13 /INPUT 8 "b_wr_data";
P_0000025fc453afc0 .param/l "DEPTH" 0 6 14, C4<00000000000000000001000000000000>;
v0000025fc44e8540_0 .net "a_rd_addr", 11 0, L_0000025fc4638b30;  1 drivers
v0000025fc44e7fa0_0 .var/s "a_rd_data", 7 0;
L_0000025fc4639150 .functor BUFT 1, C4<1>, C4<0>, C4<0>, C4<0>;
v0000025fc44e8220_0 .net "a_rd_en", 0 0, L_0000025fc4639150;  1 drivers
v0000025fc44e85e0_0 .net "a_wr_addr", 11 0, L_0000025fc4638c70;  1 drivers
v0000025fc44e8680_0 .net/s "a_wr_data", 7 0, L_0000025fc46877f0;  alias, 1 drivers
v0000025fc44e8720_0 .net "a_wr_en", 0 0, L_0000025fc46863f0;  alias, 1 drivers
v0000025fc44e87c0_0 .net "b_rd_addr", 11 0, L_0000025fc4686170;  alias, 1 drivers
v0000025fc44eef80_0 .var/s "b_rd_data", 7 0;
v0000025fc44efac0_0 .net "b_rd_en", 0 0, L_0000025fc4572ac0;  alias, 1 drivers
v0000025fc44eff20_0 .net "b_wr_addr", 11 0, L_0000025fc4687070;  alias, 1 drivers
v0000025fc44eed00_0 .net/s "b_wr_data", 7 0, L_0000025fc4573bd0;  alias, 1 drivers
v0000025fc44ef020_0 .net "b_wr_en", 0 0, L_0000025fc4573070;  alias, 1 drivers
v0000025fc44ef2a0_0 .net "clk", 0 0, v0000025fc4637af0_0;  alias, 1 drivers
v0000025fc44ef340 .array/s "mem", 4095 0, 7 0;
v0000025fc44ef3e0_0 .net "rst_n", 0 0, v0000025fc46383b0_0;  alias, 1 drivers
S_0000025fc4402d10 .scope generate, "g_spad_banks[2]" "g_spad_banks[2]" 5 342, 5 342 0, S_0000025fc4409f20;
 .timescale -9 -12;
P_0000025fc453a680 .param/l "lane" 0 5 342, +C4<010>;
L_0000025fc4570fa0 .functor BUFZ 8, v0000025fc454c0a0_0, C4<00000000>, C4<00000000>, C4<00000000>;
v0000025fc4604040_0 .net *"_ivl_8", 7 0, L_0000025fc4570fa0;  1 drivers
v0000025fc46040e0_0 .net "lane_rd_addr", 15 0, L_0000025fc4638f90;  1 drivers
L_0000025fc46389f0 .part L_0000025fc4638f90, 0, 12;
S_0000025fc4402ea0 .scope generate, "g_lanen_addr" "g_lanen_addr" 5 344, 5 344 0, S_0000025fc4402d10;
 .timescale -9 -12;
S_0000025fc435b980 .scope module, "u_spad_bank" "scratchpad_memory" 5 352, 6 13 0, S_0000025fc4402d10;
 .timescale -9 -12;
    .port_info 0 /INPUT 1 "clk";
    .port_info 1 /INPUT 1 "rst_n";
    .port_info 2 /INPUT 1 "a_rd_en";
    .port_info 3 /INPUT 12 "a_rd_addr";
    .port_info 4 /OUTPUT 8 "a_rd_data";
    .port_info 5 /INPUT 1 "a_wr_en";
    .port_info 6 /INPUT 12 "a_wr_addr";
    .port_info 7 /INPUT 8 "a_wr_data";
    .port_info 8 /INPUT 1 "b_rd_en";
    .port_info 9 /INPUT 12 "b_rd_addr";
    .port_info 10 /OUTPUT 8 "b_rd_data";
    .port_info 11 /INPUT 1 "b_wr_en";
    .port_info 12 /INPUT 12 "b_wr_addr";
    .port_info 13 /INPUT 8 "b_wr_data";
P_0000025fc453ae40 .param/l "DEPTH" 0 6 14, C4<00000000000000000001000000000000>;
v0000025fc454b420_0 .net "a_rd_addr", 11 0, L_0000025fc46389f0;  1 drivers
v0000025fc454c0a0_0 .var/s "a_rd_data", 7 0;
L_0000025fc4639198 .functor BUFT 1, C4<1>, C4<0>, C4<0>, C4<0>;
v0000025fc454b4c0_0 .net "a_rd_en", 0 0, L_0000025fc4639198;  1 drivers
v0000025fc454c320_0 .net "a_wr_addr", 11 0, L_0000025fc4638ef0;  1 drivers
v0000025fc454c3c0_0 .net/s "a_wr_data", 7 0, L_0000025fc46877f0;  alias, 1 drivers
v0000025fc4531b70_0 .net "a_wr_en", 0 0, L_0000025fc46863f0;  alias, 1 drivers
v0000025fc4532bb0_0 .net "b_rd_addr", 11 0, L_0000025fc4686170;  alias, 1 drivers
v0000025fc45315d0_0 .var/s "b_rd_data", 7 0;
v0000025fc4532930_0 .net "b_rd_en", 0 0, L_0000025fc4572ac0;  alias, 1 drivers
v0000025fc4522710_0 .net "b_wr_addr", 11 0, L_0000025fc4687070;  alias, 1 drivers
v0000025fc45218b0_0 .net/s "b_wr_data", 7 0, L_0000025fc4573bd0;  alias, 1 drivers
v0000025fc4522e90_0 .net "b_wr_en", 0 0, L_0000025fc4573070;  alias, 1 drivers
v0000025fc455e730_0 .net "clk", 0 0, v0000025fc4637af0_0;  alias, 1 drivers
v0000025fc4604e00 .array/s "mem", 4095 0, 7 0;
v0000025fc4605580_0 .net "rst_n", 0 0, v0000025fc46383b0_0;  alias, 1 drivers
S_0000025fc4618a40 .scope generate, "g_spad_banks[3]" "g_spad_banks[3]" 5 342, 5 342 0, S_0000025fc4409f20;
 .timescale -9 -12;
P_0000025fc453aa40 .param/l "lane" 0 5 342, +C4<011>;
L_0000025fc45710f0 .functor BUFZ 8, v0000025fc46054e0_0, C4<00000000>, C4<00000000>, C4<00000000>;
v0000025fc4604a40_0 .net *"_ivl_8", 7 0, L_0000025fc45710f0;  1 drivers
v0000025fc4604220_0 .net "lane_rd_addr", 15 0, L_0000025fc4682930;  1 drivers
L_0000025fc4638bd0 .part L_0000025fc4682930, 0, 12;
S_0000025fc4618bd0 .scope generate, "g_lanen_addr" "g_lanen_addr" 5 344, 5 344 0, S_0000025fc4618a40;
 .timescale -9 -12;
S_0000025fc4618720 .scope module, "u_spad_bank" "scratchpad_memory" 5 352, 6 13 0, S_0000025fc4618a40;
 .timescale -9 -12;
    .port_info 0 /INPUT 1 "clk";
    .port_info 1 /INPUT 1 "rst_n";
    .port_info 2 /INPUT 1 "a_rd_en";
    .port_info 3 /INPUT 12 "a_rd_addr";
    .port_info 4 /OUTPUT 8 "a_rd_data";
    .port_info 5 /INPUT 1 "a_wr_en";
    .port_info 6 /INPUT 12 "a_wr_addr";
    .port_info 7 /INPUT 8 "a_wr_data";
    .port_info 8 /INPUT 1 "b_rd_en";
    .port_info 9 /INPUT 12 "b_rd_addr";
    .port_info 10 /OUTPUT 8 "b_rd_data";
    .port_info 11 /INPUT 1 "b_wr_en";
    .port_info 12 /INPUT 12 "b_wr_addr";
    .port_info 13 /INPUT 8 "b_wr_data";
P_0000025fc453a940 .param/l "DEPTH" 0 6 14, C4<00000000000000000001000000000000>;
v0000025fc4605940_0 .net "a_rd_addr", 11 0, L_0000025fc4638bd0;  1 drivers
v0000025fc46054e0_0 .var/s "a_rd_data", 7 0;
L_0000025fc46391e0 .functor BUFT 1, C4<1>, C4<0>, C4<0>, C4<0>;
v0000025fc4604f40_0 .net "a_rd_en", 0 0, L_0000025fc46391e0;  1 drivers
v0000025fc46051c0_0 .net "a_wr_addr", 11 0, L_0000025fc4638db0;  1 drivers
v0000025fc4604b80_0 .net/s "a_wr_data", 7 0, L_0000025fc46877f0;  alias, 1 drivers
v0000025fc4604ea0_0 .net "a_wr_en", 0 0, L_0000025fc46863f0;  alias, 1 drivers
v0000025fc4603fa0_0 .net "b_rd_addr", 11 0, L_0000025fc4686170;  alias, 1 drivers
v0000025fc46053a0_0 .var/s "b_rd_data", 7 0;
v0000025fc4605260_0 .net "b_rd_en", 0 0, L_0000025fc4572ac0;  alias, 1 drivers
v0000025fc4604cc0_0 .net "b_wr_addr", 11 0, L_0000025fc4687070;  alias, 1 drivers
v0000025fc4605bc0_0 .net/s "b_wr_data", 7 0, L_0000025fc4573bd0;  alias, 1 drivers
v0000025fc4604180_0 .net "b_wr_en", 0 0, L_0000025fc4573070;  alias, 1 drivers
v0000025fc4604fe0_0 .net "clk", 0 0, v0000025fc4637af0_0;  alias, 1 drivers
v0000025fc46044a0 .array/s "mem", 4095 0, 7 0;
v0000025fc4605080_0 .net "rst_n", 0 0, v0000025fc46383b0_0;  alias, 1 drivers
S_0000025fc4618590 .scope generate, "g_weight_banks[0]" "g_weight_banks[0]" 5 384, 5 384 0, S_0000025fc4409f20;
 .timescale -9 -12;
P_0000025fc453b2c0 .param/l "lane" 0 5 384, +C4<00>;
L_0000025fc4571240 .functor BUFZ 8, v0000025fc4605120_0, C4<00000000>, C4<00000000>, C4<00000000>;
v0000025fc4604c20_0 .net *"_ivl_5", 7 0, L_0000025fc4571240;  1 drivers
v0000025fc4605b20_0 .net "wt_lane_rd_addr", 15 0, L_0000025fc4683790;  1 drivers
S_0000025fc4618ef0 .scope generate, "g_wt_lane0" "g_wt_lane0" 5 386, 5 386 0, S_0000025fc4618590;
 .timescale -9 -12;
v0000025fc4604360_0 .net *"_ivl_0", 15 0, L_0000025fc4681df0;  1 drivers
S_0000025fc46180e0 .scope module, "u_weight_bank" "weight_memory" 5 394, 7 13 0, S_0000025fc4618590;
 .timescale -9 -12;
    .port_info 0 /INPUT 1 "clk";
    .port_info 1 /INPUT 1 "rst_n";
    .port_info 2 /INPUT 1 "rd_en";
    .port_info 3 /INPUT 16 "rd_addr";
    .port_info 4 /OUTPUT 8 "rd_data";
    .port_info 5 /INPUT 1 "wr_en";
    .port_info 6 /INPUT 16 "wr_addr";
    .port_info 7 /INPUT 8 "wr_data";
P_0000025fc453a7c0 .param/l "DEPTH" 0 7 14, C4<00000000000000010000000000000000>;
v0000025fc4605440_0 .net "clk", 0 0, v0000025fc4637af0_0;  alias, 1 drivers
v0000025fc4604d60 .array/s "mem", 65535 0, 7 0;
v0000025fc4604ae0_0 .net "rd_addr", 15 0, L_0000025fc4683790;  alias, 1 drivers
v0000025fc4605120_0 .var/s "rd_data", 7 0;
L_0000025fc4639228 .functor BUFT 1, C4<1>, C4<0>, C4<0>, C4<0>;
v0000025fc46047c0_0 .net "rd_en", 0 0, L_0000025fc4639228;  1 drivers
v0000025fc46056c0_0 .net "rst_n", 0 0, v0000025fc46383b0_0;  alias, 1 drivers
v0000025fc4605300_0 .net "wr_addr", 15 0, L_0000025fc4572cf0;  alias, 1 drivers
v0000025fc4604900_0 .net/s "wr_data", 7 0, L_0000025fc4572c80;  alias, 1 drivers
v0000025fc4605620_0 .net "wr_en", 0 0, L_0000025fc4572b30;  alias, 1 drivers
S_0000025fc46188b0 .scope generate, "g_weight_banks[1]" "g_weight_banks[1]" 5 384, 5 384 0, S_0000025fc4409f20;
 .timescale -9 -12;
P_0000025fc453b040 .param/l "lane" 0 5 384, +C4<01>;
L_0000025fc45717f0 .functor BUFZ 8, v0000025fc4605d00_0, C4<00000000>, C4<00000000>, C4<00000000>;
v0000025fc46042c0_0 .net *"_ivl_5", 7 0, L_0000025fc45717f0;  1 drivers
v0000025fc4604400_0 .net "wt_lane_rd_addr", 15 0, L_0000025fc4682d90;  1 drivers
S_0000025fc4618d60 .scope generate, "g_wt_lanen" "g_wt_lanen" 5 386, 5 386 0, S_0000025fc46188b0;
 .timescale -9 -12;
S_0000025fc4618270 .scope module, "u_weight_bank" "weight_memory" 5 394, 7 13 0, S_0000025fc46188b0;
 .timescale -9 -12;
    .port_info 0 /INPUT 1 "clk";
    .port_info 1 /INPUT 1 "rst_n";
    .port_info 2 /INPUT 1 "rd_en";
    .port_info 3 /INPUT 16 "rd_addr";
    .port_info 4 /OUTPUT 8 "rd_data";
    .port_info 5 /INPUT 1 "wr_en";
    .port_info 6 /INPUT 16 "wr_addr";
    .port_info 7 /INPUT 8 "wr_data";
P_0000025fc453aa80 .param/l "DEPTH" 0 7 14, C4<00000000000000010000000000000000>;
v0000025fc4605760_0 .net "clk", 0 0, v0000025fc4637af0_0;  alias, 1 drivers
v0000025fc4605c60 .array/s "mem", 65535 0, 7 0;
v0000025fc4605800_0 .net "rd_addr", 15 0, L_0000025fc4682d90;  alias, 1 drivers
v0000025fc4605d00_0 .var/s "rd_data", 7 0;
L_0000025fc4639270 .functor BUFT 1, C4<1>, C4<0>, C4<0>, C4<0>;
v0000025fc46058a0_0 .net "rd_en", 0 0, L_0000025fc4639270;  1 drivers
v0000025fc4605da0_0 .net "rst_n", 0 0, v0000025fc46383b0_0;  alias, 1 drivers
v0000025fc4604680_0 .net "wr_addr", 15 0, L_0000025fc4572cf0;  alias, 1 drivers
v0000025fc46059e0_0 .net/s "wr_data", 7 0, L_0000025fc4572c80;  alias, 1 drivers
v0000025fc4604860_0 .net "wr_en", 0 0, L_0000025fc4572b30;  alias, 1 drivers
S_0000025fc4618400 .scope generate, "g_weight_banks[2]" "g_weight_banks[2]" 5 384, 5 384 0, S_0000025fc4409f20;
 .timescale -9 -12;
P_0000025fc453aac0 .param/l "lane" 0 5 384, +C4<010>;
L_0000025fc4571860 .functor BUFZ 8, v0000025fc46049a0_0, C4<00000000>, C4<00000000>, C4<00000000>;
v0000025fc4608a70_0 .net *"_ivl_5", 7 0, L_0000025fc4571860;  1 drivers
v0000025fc4608d90_0 .net "wt_lane_rd_addr", 15 0, L_0000025fc4682cf0;  1 drivers
S_0000025fc4606230 .scope generate, "g_wt_lanen" "g_wt_lanen" 5 386, 5 386 0, S_0000025fc4618400;
 .timescale -9 -12;
S_0000025fc46071d0 .scope module, "u_weight_bank" "weight_memory" 5 394, 7 13 0, S_0000025fc4618400;
 .timescale -9 -12;
    .port_info 0 /INPUT 1 "clk";
    .port_info 1 /INPUT 1 "rst_n";
    .port_info 2 /INPUT 1 "rd_en";
    .port_info 3 /INPUT 16 "rd_addr";
    .port_info 4 /OUTPUT 8 "rd_data";
    .port_info 5 /INPUT 1 "wr_en";
    .port_info 6 /INPUT 16 "wr_addr";
    .port_info 7 /INPUT 8 "wr_data";
P_0000025fc453b140 .param/l "DEPTH" 0 7 14, C4<00000000000000010000000000000000>;
v0000025fc46045e0_0 .net "clk", 0 0, v0000025fc4637af0_0;  alias, 1 drivers
v0000025fc4604540 .array/s "mem", 65535 0, 7 0;
v0000025fc4604720_0 .net "rd_addr", 15 0, L_0000025fc4682cf0;  alias, 1 drivers
v0000025fc46049a0_0 .var/s "rd_data", 7 0;
L_0000025fc46392b8 .functor BUFT 1, C4<1>, C4<0>, C4<0>, C4<0>;
v0000025fc4605a80_0 .net "rd_en", 0 0, L_0000025fc46392b8;  1 drivers
v0000025fc4603f00_0 .net "rst_n", 0 0, v0000025fc46383b0_0;  alias, 1 drivers
v0000025fc4609470_0 .net "wr_addr", 15 0, L_0000025fc4572cf0;  alias, 1 drivers
v0000025fc4608f70_0 .net/s "wr_data", 7 0, L_0000025fc4572c80;  alias, 1 drivers
v0000025fc460a370_0 .net "wr_en", 0 0, L_0000025fc4572b30;  alias, 1 drivers
S_0000025fc4607040 .scope generate, "g_weight_banks[3]" "g_weight_banks[3]" 5 384, 5 384 0, S_0000025fc4409f20;
 .timescale -9 -12;
P_0000025fc453ab40 .param/l "lane" 0 5 384, +C4<011>;
L_0000025fc4571390 .functor BUFZ 8, v0000025fc460a2d0_0, C4<00000000>, C4<00000000>, C4<00000000>;
v0000025fc4608110_0 .net *"_ivl_5", 7 0, L_0000025fc4571390;  1 drivers
v0000025fc4608390_0 .net "wt_lane_rd_addr", 15 0, L_0000025fc4681e90;  1 drivers
S_0000025fc4607b30 .scope generate, "g_wt_lanen" "g_wt_lanen" 5 386, 5 386 0, S_0000025fc4607040;
 .timescale -9 -12;
S_0000025fc4607360 .scope module, "u_weight_bank" "weight_memory" 5 394, 7 13 0, S_0000025fc4607040;
 .timescale -9 -12;
    .port_info 0 /INPUT 1 "clk";
    .port_info 1 /INPUT 1 "rst_n";
    .port_info 2 /INPUT 1 "rd_en";
    .port_info 3 /INPUT 16 "rd_addr";
    .port_info 4 /OUTPUT 8 "rd_data";
    .port_info 5 /INPUT 1 "wr_en";
    .port_info 6 /INPUT 16 "wr_addr";
    .port_info 7 /INPUT 8 "wr_data";
P_0000025fc453b300 .param/l "DEPTH" 0 7 14, C4<00000000000000010000000000000000>;
v0000025fc460a4b0_0 .net "clk", 0 0, v0000025fc4637af0_0;  alias, 1 drivers
v0000025fc46086b0 .array/s "mem", 65535 0, 7 0;
v0000025fc4608250_0 .net "rd_addr", 15 0, L_0000025fc4681e90;  alias, 1 drivers
v0000025fc460a2d0_0 .var/s "rd_data", 7 0;
L_0000025fc4639300 .functor BUFT 1, C4<1>, C4<0>, C4<0>, C4<0>;
v0000025fc4609290_0 .net "rd_en", 0 0, L_0000025fc4639300;  1 drivers
v0000025fc4608cf0_0 .net "rst_n", 0 0, v0000025fc46383b0_0;  alias, 1 drivers
v0000025fc46089d0_0 .net "wr_addr", 15 0, L_0000025fc4572cf0;  alias, 1 drivers
v0000025fc4609970_0 .net/s "wr_data", 7 0, L_0000025fc4572c80;  alias, 1 drivers
v0000025fc46082f0_0 .net "wr_en", 0 0, L_0000025fc4572b30;  alias, 1 drivers
S_0000025fc46063c0 .scope module, "u_bias_mem" "bias_memory" 5 417, 8 13 0, S_0000025fc4409f20;
 .timescale -9 -12;
    .port_info 0 /INPUT 1 "clk";
    .port_info 1 /INPUT 1 "rst_n";
    .port_info 2 /INPUT 1 "rd_en";
    .port_info 3 /INPUT 16 "rd_addr";
    .port_info 4 /OUTPUT 8 "rd_data";
    .port_info 5 /INPUT 1 "wr_en";
    .port_info 6 /INPUT 16 "wr_addr";
    .port_info 7 /INPUT 8 "wr_data";
P_0000025fc453adc0 .param/l "DEPTH" 0 8 14, C4<00000000000000010000000000000000>;
v0000025fc4608b10_0 .net "clk", 0 0, v0000025fc4637af0_0;  alias, 1 drivers
v0000025fc4608890 .array/s "mem", 65535 0, 7 0;
v0000025fc46084d0_0 .net "rd_addr", 15 0, L_0000025fc46879d0;  alias, 1 drivers
v0000025fc460a190_0 .var/s "rd_data", 7 0;
L_0000025fc463b088 .functor BUFT 1, C4<1>, C4<0>, C4<0>, C4<0>;
v0000025fc4608750_0 .net "rd_en", 0 0, L_0000025fc463b088;  1 drivers
v0000025fc4608bb0_0 .net "rst_n", 0 0, v0000025fc46383b0_0;  alias, 1 drivers
v0000025fc4609510_0 .net "wr_addr", 15 0, L_0000025fc4574ce0;  alias, 1 drivers
v0000025fc4609790_0 .net/s "wr_data", 7 0, L_0000025fc4574730;  alias, 1 drivers
v0000025fc4608ed0_0 .net "wr_en", 0 0, L_0000025fc4574dc0;  alias, 1 drivers
S_0000025fc4607cc0 .scope module, "u_controller" "controller_fsm" 5 198, 9 49 0, S_0000025fc4409f20;
 .timescale -9 -12;
    .port_info 0 /INPUT 1 "clk";
    .port_info 1 /INPUT 1 "rst_n";
    .port_info 2 /INPUT 1 "start";
    .port_info 3 /OUTPUT 1 "busy";
    .port_info 4 /OUTPUT 1 "done";
    .port_info 5 /OUTPUT 1 "error";
    .port_info 6 /OUTPUT 8 "error_code";
    .port_info 7 /OUTPUT 1 "fetch_start";
    .port_info 8 /INPUT 1 "instr_valid";
    .port_info 9 /INPUT 1 "fetch_error";
    .port_info 10 /INPUT 32 "w0";
    .port_info 11 /INPUT 32 "w1";
    .port_info 12 /INPUT 32 "w2";
    .port_info 13 /INPUT 32 "w3";
    .port_info 14 /INPUT 386 "instr";
    .port_info 15 /OUTPUT 1 "pc_write";
    .port_info 16 /OUTPUT 16 "pc_next";
    .port_info 17 /INPUT 16 "pc_out";
    .port_info 18 /OUTPUT 1 "dense_start";
    .port_info 19 /INPUT 1 "dense_busy";
    .port_info 20 /INPUT 1 "dense_done";
    .port_info 21 /INPUT 1 "dense_error";
    .port_info 22 /OUTPUT 16 "dense_input_addr";
    .port_info 23 /OUTPUT 16 "dense_weight_addr";
    .port_info 24 /OUTPUT 16 "dense_output_addr";
    .port_info 25 /OUTPUT 16 "dense_bias_addr";
    .port_info 26 /OUTPUT 16 "dense_input_len";
    .port_info 27 /OUTPUT 16 "dense_output_len";
    .port_info 28 /OUTPUT 8 "dense_activation";
    .port_info 29 /OUTPUT 32 "dense_requant_m0";
    .port_info 30 /OUTPUT 8 "dense_requant_shift";
    .port_info 31 /OUTPUT 1 "spad_wr_en";
    .port_info 32 /OUTPUT 16 "spad_wr_addr";
    .port_info 33 /OUTPUT 8 "spad_wr_data";
    .port_info 34 /OUTPUT 1 "spad_rd_en";
    .port_info 35 /OUTPUT 16 "spad_rd_addr";
    .port_info 36 /INPUT 8 "spad_rd_data";
    .port_info 37 /OUTPUT 1 "hmem_rd_en";
    .port_info 38 /OUTPUT 16 "hmem_rd_addr";
    .port_info 39 /INPUT 8 "hmem_rd_data";
    .port_info 40 /OUTPUT 1 "omem_wr_en";
    .port_info 41 /OUTPUT 16 "omem_wr_addr";
    .port_info 42 /OUTPUT 8 "omem_wr_data";
P_0000025fc43c1e80 .param/l "ERR_BAD_OPCODE" 1 9 155, C4<00000100>;
P_0000025fc43c1eb8 .param/l "ERR_DECODE" 1 9 153, C4<00000010>;
P_0000025fc43c1ef0 .param/l "ERR_DENSE_EXEC" 1 9 154, C4<00000011>;
P_0000025fc43c1f28 .param/l "ERR_FETCH_ILLEGAL" 1 9 152, C4<00000001>;
enum0000025fc448cdc0 .enum4 (4)
   "ST_IDLE" 4'b0000,
   "ST_FETCH" 4'b0001,
   "ST_DECODE" 4'b0010,
   "ST_DISPATCH" 4'b0011,
   "ST_LOAD_COPY" 4'b0100,
   "ST_STORE_COPY" 4'b0101,
   "ST_DENSE_START" 4'b0110,
   "ST_DENSE_WAIT" 4'b0111,
   "ST_ACT_LOOP" 4'b1000,
   "ST_NOP_ST" 4'b1001,
   "ST_RETIRE" 4'b1010,
   "ST_DONE_ST" 4'b1011,
   "ST_END_ST" 4'b1100,
   "ST_ERROR_ST" 4'b1101
 ;
v0000025fc4608570_0 .var "act_addr", 15 0;
v0000025fc4607f30_0 .var "busy", 0 0;
v0000025fc46087f0_0 .net "clk", 0 0, v0000025fc4637af0_0;  alias, 1 drivers
v0000025fc4609fb0_0 .var "copy_dst_addr", 15 0;
v0000025fc4608430_0 .var "copy_length", 15 0;
v0000025fc4609150_0 .var "copy_read_count", 15 0;
v0000025fc4609010_0 .var "copy_src_addr", 15 0;
v0000025fc4608610_0 .var "copy_write_count", 15 0;
v0000025fc460a410_0 .var "current_state", 3 0;
v0000025fc4609dd0_0 .var "dense_activation", 7 0;
v0000025fc46095b0_0 .var "dense_bias_addr", 15 0;
v0000025fc460a690_0 .net "dense_busy", 0 0, v0000025fc4628b50_0;  alias, 1 drivers
v0000025fc4609650_0 .net "dense_done", 0 0, v0000025fc4627a70_0;  alias, 1 drivers
v0000025fc4608c50_0 .net "dense_error", 0 0, v0000025fc4628510_0;  alias, 1 drivers
v0000025fc46091f0_0 .var "dense_input_addr", 15 0;
v0000025fc460a5f0_0 .var "dense_input_len", 15 0;
v0000025fc4609330_0 .var "dense_output_addr", 15 0;
v0000025fc46093d0_0 .var "dense_output_len", 15 0;
v0000025fc46096f0_0 .var "dense_requant_m0", 31 0;
v0000025fc4609830_0 .var/s "dense_requant_shift", 7 0;
v0000025fc460a550_0 .var "dense_start", 0 0;
v0000025fc46098d0_0 .var "dense_weight_addr", 15 0;
v0000025fc4609a10_0 .var "done", 0 0;
v0000025fc4609ab0_0 .var "error", 0 0;
v0000025fc4609b50_0 .var "error_code", 7 0;
v0000025fc4609bf0_0 .net "fetch_error", 0 0, v0000025fc4629230_0;  alias, 1 drivers
v0000025fc4609c90_0 .var "fetch_req", 0 0;
v0000025fc4607fd0_0 .var "fetch_start", 0 0;
v0000025fc4609d30_0 .var "hmem_rd_addr", 15 0;
v0000025fc4609e70_0 .net/s "hmem_rd_data", 7 0, v0000025fc462aa90_0;  alias, 1 drivers
v0000025fc4609f10_0 .var "hmem_rd_en", 0 0;
v0000025fc460a050_0 .net "instr", 385 0, v0000025fc46334f0_0;  1 drivers
v0000025fc460a0f0_0 .net "instr_valid", 0 0, v0000025fc4627b10_0;  alias, 1 drivers
v0000025fc460a230_0 .var "latched_instr", 385 0;
v0000025fc4608070_0 .var "next_pc_latch", 15 0;
v0000025fc460bdb0_0 .var "next_state", 3 0;
v0000025fc460a910_0 .var "omem_wr_addr", 15 0;
v0000025fc460ae10_0 .var/s "omem_wr_data", 7 0;
v0000025fc460a9b0_0 .var "omem_wr_en", 0 0;
v0000025fc460b4f0_0 .var "pc_next", 15 0;
v0000025fc460aff0_0 .net "pc_out", 15 0, v0000025fc4633450_0;  alias, 1 drivers
v0000025fc460b950_0 .var "pc_write", 0 0;
v0000025fc460b3b0_0 .var "pipe_dst_addr", 15 0;
v0000025fc460aa50_0 .var "pipe_valid", 0 0;
v0000025fc460b590_0 .net "rst_n", 0 0, v0000025fc46383b0_0;  alias, 1 drivers
v0000025fc460ac30_0 .var "spad_rd_addr", 15 0;
v0000025fc460b770_0 .net/s "spad_rd_data", 7 0, L_0000025fc4574960;  alias, 1 drivers
v0000025fc460b310_0 .var "spad_rd_en", 0 0;
v0000025fc460acd0_0 .var "spad_wr_addr", 15 0;
v0000025fc460ad70_0 .var/s "spad_wr_data", 7 0;
v0000025fc460aeb0_0 .var "spad_wr_en", 0 0;
v0000025fc460b630_0 .net "start", 0 0, v0000025fc46368d0_0;  alias, 1 drivers
v0000025fc460bbd0_0 .net "w0", 31 0, v0000025fc462c390_0;  alias, 1 drivers
v0000025fc460bc70_0 .net "w1", 31 0, v0000025fc462ab30_0;  alias, 1 drivers
v0000025fc460b6d0_0 .net "w2", 31 0, v0000025fc462c1b0_0;  alias, 1 drivers
v0000025fc460b130_0 .net "w3", 31 0, v0000025fc462ad10_0;  alias, 1 drivers
E_0000025fc453a580/0 .event anyedge, v0000025fc460a410_0, v0000025fc4608070_0, v0000025fc460a230_0, v0000025fc460a230_0;
E_0000025fc453a580/1 .event anyedge, v0000025fc460a230_0, v0000025fc460a230_0, v0000025fc460a230_0, v0000025fc460a230_0;
E_0000025fc453a580/2 .event anyedge, v0000025fc460a230_0, v0000025fc460a230_0, v0000025fc460a230_0, v0000025fc460b630_0;
E_0000025fc453a580/3 .event anyedge, v0000025fc4609c90_0, v0000025fc4609bf0_0, v0000025fc460a0f0_0, v0000025fc460a230_0;
E_0000025fc453a580/4 .event anyedge, v0000025fc460a230_0, v0000025fc4608430_0, v0000025fc460aa50_0, v0000025fc4608610_0;
E_0000025fc453a580/5 .event anyedge, v0000025fc460b3b0_0, v0000025fc4609e70_0, v0000025fc4609150_0, v0000025fc4609010_0;
E_0000025fc453a580/6 .event anyedge, v0000025fc460b770_0, v0000025fc4608c50_0, v0000025fc4609650_0, v0000025fc4608570_0;
E_0000025fc453a580 .event/or E_0000025fc453a580/0, E_0000025fc453a580/1, E_0000025fc453a580/2, E_0000025fc453a580/3, E_0000025fc453a580/4, E_0000025fc453a580/5, E_0000025fc453a580/6;
E_0000025fc453a440/0 .event negedge, v0000025fc44e8360_0;
E_0000025fc453a440/1 .event posedge, v0000025fc4581910_0;
E_0000025fc453a440 .event/or E_0000025fc453a440/0, E_0000025fc453a440/1;
S_0000025fc4605f10 .scope begin, "$unm_blk_57" "$unm_blk_57" 9 389, 9 389 0, S_0000025fc4607cc0;
 .timescale -9 -12;
v0000025fc4608e30_0 .var/s "act_in", 7 0;
v0000025fc46081b0_0 .var/s "act_out", 7 0;
S_0000025fc4606a00 .scope begin, "$unm_blk_60" "$unm_blk_60" 9 409, 9 409 0, S_0000025fc4607cc0;
 .timescale -9 -12;
v0000025fc46090b0_0 .var/s "act_in", 7 0;
v0000025fc4608930_0 .var/s "act_out", 7 0;
S_0000025fc46079a0 .scope module, "u_decoder" "instruction_decoder" 5 189, 10 41 0, S_0000025fc4409f20;
 .timescale -9 -12;
    .port_info 0 /INPUT 32 "w0";
    .port_info 1 /INPUT 32 "w1";
    .port_info 2 /INPUT 32 "w2";
    .port_info 3 /INPUT 32 "w3";
    .port_info 4 /INPUT 32 "w4";
    .port_info 5 /OUTPUT 386 "instr_out";
L_0000025fc4571470 .functor OR 1, L_0000025fc4681490, L_0000025fc46830b0, C4<0>, C4<0>;
L_0000025fc45714e0 .functor OR 1, L_0000025fc4571470, L_0000025fc4683010, C4<0>, C4<0>;
L_0000025fc4573770 .functor OR 1, L_0000025fc45714e0, L_0000025fc46829d0, C4<0>, C4<0>;
L_0000025fc45732a0 .functor OR 1, L_0000025fc4573770, L_0000025fc4681d50, C4<0>, C4<0>;
L_0000025fc4574420 .functor OR 1, L_0000025fc45732a0, L_0000025fc4682430, C4<0>, C4<0>;
L_0000025fc4573150 .functor OR 1, L_0000025fc4574420, L_0000025fc4683150, C4<0>, C4<0>;
L_0000025fc4573d20 .functor OR 1, L_0000025fc4573150, L_0000025fc4682a70, C4<0>, C4<0>;
L_0000025fc45740a0 .functor OR 1, L_0000025fc4682b10, L_0000025fc46831f0, C4<0>, C4<0>;
L_0000025fc4573cb0 .functor AND 1, L_0000025fc4681850, L_0000025fc4681ad0, C4<1>, C4<1>;
L_0000025fc45735b0 .functor AND 1, L_0000025fc4573cb0, L_0000025fc4681fd0, C4<1>, C4<1>;
L_0000025fc45733f0 .functor OR 1, L_0000025fc45740a0, L_0000025fc45735b0, C4<0>, C4<0>;
L_0000025fc4572ba0 .functor OR 1, L_0000025fc46835b0, L_0000025fc4682110, C4<0>, C4<0>;
L_0000025fc4573e70 .functor OR 1, L_0000025fc4572ba0, L_0000025fc4682070, C4<0>, C4<0>;
L_0000025fc4573460 .functor OR 1, L_0000025fc4573e70, L_0000025fc46827f0, C4<0>, C4<0>;
L_0000025fc4573d90 .functor OR 1, L_0000025fc4573460, L_0000025fc4683650, C4<0>, C4<0>;
L_0000025fc45742d0 .functor OR 1, L_0000025fc45733f0, L_0000025fc46812b0, C4<0>, C4<0>;
L_0000025fc4574570 .functor OR 1, L_0000025fc46836f0, L_0000025fc46838d0, C4<0>, C4<0>;
L_0000025fc4573000 .functor OR 1, L_0000025fc4574570, L_0000025fc4681170, C4<0>, C4<0>;
L_0000025fc4573e00 .functor AND 1, L_0000025fc46818f0, L_0000025fc4573000, C4<1>, C4<1>;
L_0000025fc4573540 .functor OR 1, L_0000025fc45742d0, L_0000025fc4573e00, C4<0>, C4<0>;
L_0000025fc45731c0 .functor OR 1, L_0000025fc4682250, L_0000025fc4681530, C4<0>, C4<0>;
L_0000025fc4574110 .functor OR 1, L_0000025fc45731c0, L_0000025fc4681350, C4<0>, C4<0>;
L_0000025fc4572dd0 .functor AND 1, L_0000025fc46824d0, L_0000025fc4574110, C4<1>, C4<1>;
L_0000025fc45743b0 .functor OR 1, L_0000025fc4573540, L_0000025fc4572dd0, C4<0>, C4<0>;
L_0000025fc4573310 .functor OR 1, L_0000025fc46813f0, L_0000025fc4681670, C4<0>, C4<0>;
L_0000025fc4573620 .functor OR 1, L_0000025fc4573310, L_0000025fc46826b0, C4<0>, C4<0>;
L_0000025fc4573380 .functor AND 1, L_0000025fc4681a30, L_0000025fc4573620, C4<1>, C4<1>;
L_0000025fc45734d0 .functor OR 1, L_0000025fc45743b0, L_0000025fc4573380, C4<0>, C4<0>;
L_0000025fc4573ee0 .functor OR 1, L_0000025fc46822f0, L_0000025fc4682570, C4<0>, C4<0>;
L_0000025fc45745e0 .functor OR 1, L_0000025fc4573ee0, L_0000025fc4681b70, C4<0>, C4<0>;
L_0000025fc45737e0 .functor OR 1, L_0000025fc45745e0, L_0000025fc4682610, C4<0>, C4<0>;
L_0000025fc4572e40 .functor AND 1, L_0000025fc4681990, L_0000025fc45737e0, C4<1>, C4<1>;
L_0000025fc4573f50 .functor OR 1, L_0000025fc45734d0, L_0000025fc4572e40, C4<0>, C4<0>;
L_0000025fc4573690 .functor OR 1, L_0000025fc4682390, L_0000025fc4682750, C4<0>, C4<0>;
L_0000025fc4573fc0 .functor OR 1, L_0000025fc4573690, L_0000025fc46858b0, C4<0>, C4<0>;
L_0000025fc4573230 .functor OR 1, L_0000025fc4573fc0, L_0000025fc4685f90, C4<0>, C4<0>;
L_0000025fc4573700 .functor AND 1, L_0000025fc4681cb0, L_0000025fc4573230, C4<1>, C4<1>;
L_0000025fc4574030 .functor OR 1, L_0000025fc4573f50, L_0000025fc4573700, C4<0>, C4<0>;
L_0000025fc4574180 .functor NOT 1, L_0000025fc4574030, C4<0>, C4<0>, C4<0>;
L_0000025fc45741f0 .functor BUFZ 1, L_0000025fc4574030, C4<0>, C4<0>, C4<0>;
L_0000025fc45738c0 .functor OR 1, L_0000025fc4685950, L_0000025fc4684730, C4<0>, C4<0>;
L_0000025fc4573930 .functor OR 1, L_0000025fc4683ab0, L_0000025fc46853b0, C4<0>, C4<0>;
L_0000025fc4573b60 .functor OR 1, L_0000025fc46845f0, L_0000025fc4685770, C4<0>, C4<0>;
L_0000025fc45739a0 .functor OR 1, L_0000025fc4684050, L_0000025fc46847d0, C4<0>, C4<0>;
L_0000025fc4574490 .functor OR 1, L_0000025fc4685090, L_0000025fc4685b30, C4<0>, C4<0>;
L_0000025fc4572d60 .functor OR 1, L_0000025fc46854f0, L_0000025fc4685c70, C4<0>, C4<0>;
L_0000025fc4573a10 .functor OR 1, L_0000025fc4685590, L_0000025fc4684910, C4<0>, C4<0>;
L_0000025fc4573a80 .functor OR 1, L_0000025fc4684c30, L_0000025fc4685e50, C4<0>, C4<0>;
v0000025fc460aaf0_0 .net *"_ivl_1", 7 0, L_0000025fc4682f70;  1 drivers
v0000025fc460b810_0 .net *"_ivl_10", 0 0, L_0000025fc46830b0;  1 drivers
L_0000025fc46396f0 .functor BUFT 1, C4<00000001>, C4<0>, C4<0>, C4<0>;
v0000025fc460ba90_0 .net/2u *"_ivl_100", 7 0, L_0000025fc46396f0;  1 drivers
v0000025fc460af50_0 .net *"_ivl_102", 0 0, L_0000025fc4682110;  1 drivers
v0000025fc460b8b0_0 .net *"_ivl_105", 0 0, L_0000025fc4572ba0;  1 drivers
v0000025fc460b090_0 .net *"_ivl_107", 7 0, L_0000025fc4683470;  1 drivers
L_0000025fc4639738 .functor BUFT 1, C4<00000010>, C4<0>, C4<0>, C4<0>;
v0000025fc460b270_0 .net/2u *"_ivl_108", 7 0, L_0000025fc4639738;  1 drivers
v0000025fc460b1d0_0 .net *"_ivl_110", 0 0, L_0000025fc4682070;  1 drivers
v0000025fc460b450_0 .net *"_ivl_113", 0 0, L_0000025fc4573e70;  1 drivers
v0000025fc460b9f0_0 .net *"_ivl_115", 7 0, L_0000025fc4681210;  1 drivers
L_0000025fc4639780 .functor BUFT 1, C4<00000011>, C4<0>, C4<0>, C4<0>;
v0000025fc460bb30_0 .net/2u *"_ivl_116", 7 0, L_0000025fc4639780;  1 drivers
v0000025fc460bd10_0 .net *"_ivl_118", 0 0, L_0000025fc46827f0;  1 drivers
v0000025fc460ab90_0 .net *"_ivl_121", 0 0, L_0000025fc4573460;  1 drivers
v0000025fc460a730_0 .net *"_ivl_123", 7 0, L_0000025fc4682c50;  1 drivers
L_0000025fc46397c8 .functor BUFT 1, C4<00000100>, C4<0>, C4<0>, C4<0>;
v0000025fc460a7d0_0 .net/2u *"_ivl_124", 7 0, L_0000025fc46397c8;  1 drivers
v0000025fc460a870_0 .net *"_ivl_126", 0 0, L_0000025fc4683650;  1 drivers
v0000025fc461aaa0_0 .net *"_ivl_129", 0 0, L_0000025fc4573d90;  1 drivers
v0000025fc461a460_0 .net *"_ivl_13", 0 0, L_0000025fc4571470;  1 drivers
v0000025fc4619880_0 .net *"_ivl_131", 0 0, L_0000025fc46812b0;  1 drivers
v0000025fc46194c0_0 .net *"_ivl_133", 0 0, L_0000025fc45742d0;  1 drivers
L_0000025fc4639810 .functor BUFT 1, C4<00000001>, C4<0>, C4<0>, C4<0>;
v0000025fc4619ec0_0 .net/2u *"_ivl_134", 7 0, L_0000025fc4639810;  1 drivers
v0000025fc46191a0_0 .net *"_ivl_136", 0 0, L_0000025fc46818f0;  1 drivers
v0000025fc461a1e0_0 .net *"_ivl_139", 15 0, L_0000025fc4681c10;  1 drivers
L_0000025fc4639858 .functor BUFT 1, C4<0000000000000000>, C4<0>, C4<0>, C4<0>;
v0000025fc461b540_0 .net/2u *"_ivl_140", 15 0, L_0000025fc4639858;  1 drivers
v0000025fc4619240_0 .net *"_ivl_142", 0 0, L_0000025fc46836f0;  1 drivers
L_0000025fc46398a0 .functor BUFT 1, C4<00000000000000000000000000000000>, C4<0>, C4<0>, C4<0>;
v0000025fc461abe0_0 .net/2u *"_ivl_144", 31 0, L_0000025fc46398a0;  1 drivers
v0000025fc461aa00_0 .net *"_ivl_146", 0 0, L_0000025fc46838d0;  1 drivers
v0000025fc461a280_0 .net *"_ivl_149", 0 0, L_0000025fc4574570;  1 drivers
v0000025fc461b5e0_0 .net *"_ivl_15", 7 0, L_0000025fc4682e30;  1 drivers
L_0000025fc46398e8 .functor BUFT 1, C4<00000000000000000000000000000000>, C4<0>, C4<0>, C4<0>;
v0000025fc461a500_0 .net/2u *"_ivl_150", 31 0, L_0000025fc46398e8;  1 drivers
v0000025fc461a780_0 .net *"_ivl_152", 0 0, L_0000025fc4681170;  1 drivers
v0000025fc461a320_0 .net *"_ivl_155", 0 0, L_0000025fc4573000;  1 drivers
v0000025fc4619f60_0 .net *"_ivl_157", 0 0, L_0000025fc4573e00;  1 drivers
v0000025fc461b360_0 .net *"_ivl_159", 0 0, L_0000025fc4573540;  1 drivers
L_0000025fc46393d8 .functor BUFT 1, C4<00000010>, C4<0>, C4<0>, C4<0>;
v0000025fc461b040_0 .net/2u *"_ivl_16", 7 0, L_0000025fc46393d8;  1 drivers
L_0000025fc4639930 .functor BUFT 1, C4<00000010>, C4<0>, C4<0>, C4<0>;
v0000025fc461b680_0 .net/2u *"_ivl_160", 7 0, L_0000025fc4639930;  1 drivers
v0000025fc461b4a0_0 .net *"_ivl_162", 0 0, L_0000025fc46824d0;  1 drivers
v0000025fc461b0e0_0 .net *"_ivl_165", 15 0, L_0000025fc46821b0;  1 drivers
L_0000025fc4639978 .functor BUFT 1, C4<0000000000000000>, C4<0>, C4<0>, C4<0>;
v0000025fc4619920_0 .net/2u *"_ivl_166", 15 0, L_0000025fc4639978;  1 drivers
v0000025fc461b720_0 .net *"_ivl_168", 0 0, L_0000025fc4682250;  1 drivers
L_0000025fc46399c0 .functor BUFT 1, C4<00000000000000000000000000000000>, C4<0>, C4<0>, C4<0>;
v0000025fc46192e0_0 .net/2u *"_ivl_170", 31 0, L_0000025fc46399c0;  1 drivers
v0000025fc461b400_0 .net *"_ivl_172", 0 0, L_0000025fc4681530;  1 drivers
v0000025fc461b180_0 .net *"_ivl_175", 0 0, L_0000025fc45731c0;  1 drivers
L_0000025fc4639a08 .functor BUFT 1, C4<00000000000000000000000000000000>, C4<0>, C4<0>, C4<0>;
v0000025fc461a3c0_0 .net/2u *"_ivl_176", 31 0, L_0000025fc4639a08;  1 drivers
v0000025fc4619100_0 .net *"_ivl_178", 0 0, L_0000025fc4681350;  1 drivers
v0000025fc46199c0_0 .net *"_ivl_18", 0 0, L_0000025fc4683010;  1 drivers
v0000025fc461b7c0_0 .net *"_ivl_181", 0 0, L_0000025fc4574110;  1 drivers
v0000025fc461b860_0 .net *"_ivl_183", 0 0, L_0000025fc4572dd0;  1 drivers
v0000025fc461a5a0_0 .net *"_ivl_185", 0 0, L_0000025fc45743b0;  1 drivers
L_0000025fc4639a50 .functor BUFT 1, C4<00000100>, C4<0>, C4<0>, C4<0>;
v0000025fc461b220_0 .net/2u *"_ivl_186", 7 0, L_0000025fc4639a50;  1 drivers
v0000025fc461b2c0_0 .net *"_ivl_188", 0 0, L_0000025fc4681a30;  1 drivers
L_0000025fc4639a98 .functor BUFT 1, C4<00000000000000000000000000000000>, C4<0>, C4<0>, C4<0>;
v0000025fc4619380_0 .net/2u *"_ivl_190", 31 0, L_0000025fc4639a98;  1 drivers
v0000025fc4619a60_0 .net *"_ivl_192", 0 0, L_0000025fc46813f0;  1 drivers
L_0000025fc4639ae0 .functor BUFT 1, C4<00000000000000000000000000000000>, C4<0>, C4<0>, C4<0>;
v0000025fc4619420_0 .net/2u *"_ivl_194", 31 0, L_0000025fc4639ae0;  1 drivers
v0000025fc4619e20_0 .net *"_ivl_196", 0 0, L_0000025fc4681670;  1 drivers
v0000025fc461ab40_0 .net *"_ivl_199", 0 0, L_0000025fc4573310;  1 drivers
L_0000025fc4639348 .functor BUFT 1, C4<00000000>, C4<0>, C4<0>, C4<0>;
v0000025fc461a640_0 .net/2u *"_ivl_2", 7 0, L_0000025fc4639348;  1 drivers
L_0000025fc4639b28 .functor BUFT 1, C4<00000000000000000000000000000000>, C4<0>, C4<0>, C4<0>;
v0000025fc4619560_0 .net/2u *"_ivl_200", 31 0, L_0000025fc4639b28;  1 drivers
v0000025fc461af00_0 .net *"_ivl_202", 0 0, L_0000025fc46826b0;  1 drivers
v0000025fc461ac80_0 .net *"_ivl_205", 0 0, L_0000025fc4573620;  1 drivers
v0000025fc461ad20_0 .net *"_ivl_207", 0 0, L_0000025fc4573380;  1 drivers
v0000025fc4619b00_0 .net *"_ivl_209", 0 0, L_0000025fc45734d0;  1 drivers
v0000025fc461a000_0 .net *"_ivl_21", 0 0, L_0000025fc45714e0;  1 drivers
L_0000025fc4639b70 .functor BUFT 1, C4<00000000>, C4<0>, C4<0>, C4<0>;
v0000025fc461adc0_0 .net/2u *"_ivl_210", 7 0, L_0000025fc4639b70;  1 drivers
v0000025fc4619ba0_0 .net *"_ivl_212", 0 0, L_0000025fc4681990;  1 drivers
L_0000025fc4639bb8 .functor BUFT 1, C4<00000000000000000000000000000000>, C4<0>, C4<0>, C4<0>;
v0000025fc4619c40_0 .net/2u *"_ivl_214", 31 0, L_0000025fc4639bb8;  1 drivers
v0000025fc461afa0_0 .net *"_ivl_216", 0 0, L_0000025fc46822f0;  1 drivers
L_0000025fc4639c00 .functor BUFT 1, C4<00000000000000000000000000000000>, C4<0>, C4<0>, C4<0>;
v0000025fc461a6e0_0 .net/2u *"_ivl_218", 31 0, L_0000025fc4639c00;  1 drivers
v0000025fc4619d80_0 .net *"_ivl_220", 0 0, L_0000025fc4682570;  1 drivers
v0000025fc4619600_0 .net *"_ivl_223", 0 0, L_0000025fc4573ee0;  1 drivers
L_0000025fc4639c48 .functor BUFT 1, C4<00000000000000000000000000000000>, C4<0>, C4<0>, C4<0>;
v0000025fc46196a0_0 .net/2u *"_ivl_224", 31 0, L_0000025fc4639c48;  1 drivers
v0000025fc461a0a0_0 .net *"_ivl_226", 0 0, L_0000025fc4681b70;  1 drivers
v0000025fc461ae60_0 .net *"_ivl_229", 0 0, L_0000025fc45745e0;  1 drivers
v0000025fc4619740_0 .net *"_ivl_23", 7 0, L_0000025fc4683510;  1 drivers
L_0000025fc4639c90 .functor BUFT 1, C4<00000000000000000000000000000000>, C4<0>, C4<0>, C4<0>;
v0000025fc46197e0_0 .net/2u *"_ivl_230", 31 0, L_0000025fc4639c90;  1 drivers
v0000025fc461a140_0 .net *"_ivl_232", 0 0, L_0000025fc4682610;  1 drivers
v0000025fc4619ce0_0 .net *"_ivl_235", 0 0, L_0000025fc45737e0;  1 drivers
v0000025fc461a820_0 .net *"_ivl_237", 0 0, L_0000025fc4572e40;  1 drivers
v0000025fc461a8c0_0 .net *"_ivl_239", 0 0, L_0000025fc4573f50;  1 drivers
L_0000025fc4639420 .functor BUFT 1, C4<00000011>, C4<0>, C4<0>, C4<0>;
v0000025fc461a960_0 .net/2u *"_ivl_24", 7 0, L_0000025fc4639420;  1 drivers
L_0000025fc4639cd8 .functor BUFT 1, C4<00000101>, C4<0>, C4<0>, C4<0>;
v0000025fc461cd00_0 .net/2u *"_ivl_240", 7 0, L_0000025fc4639cd8;  1 drivers
v0000025fc461cda0_0 .net *"_ivl_242", 0 0, L_0000025fc4681cb0;  1 drivers
L_0000025fc4639d20 .functor BUFT 1, C4<00000000000000000000000000000000>, C4<0>, C4<0>, C4<0>;
v0000025fc461c940_0 .net/2u *"_ivl_244", 31 0, L_0000025fc4639d20;  1 drivers
v0000025fc461bd60_0 .net *"_ivl_246", 0 0, L_0000025fc4682390;  1 drivers
L_0000025fc4639d68 .functor BUFT 1, C4<00000000000000000000000000000000>, C4<0>, C4<0>, C4<0>;
v0000025fc461c580_0 .net/2u *"_ivl_248", 31 0, L_0000025fc4639d68;  1 drivers
v0000025fc461bae0_0 .net *"_ivl_250", 0 0, L_0000025fc4682750;  1 drivers
v0000025fc461be00_0 .net *"_ivl_253", 0 0, L_0000025fc4573690;  1 drivers
L_0000025fc4639db0 .functor BUFT 1, C4<00000000000000000000000000000000>, C4<0>, C4<0>, C4<0>;
v0000025fc461bf40_0 .net/2u *"_ivl_254", 31 0, L_0000025fc4639db0;  1 drivers
v0000025fc461c620_0 .net *"_ivl_256", 0 0, L_0000025fc46858b0;  1 drivers
v0000025fc461c800_0 .net *"_ivl_259", 0 0, L_0000025fc4573fc0;  1 drivers
v0000025fc461b900_0 .net *"_ivl_26", 0 0, L_0000025fc46829d0;  1 drivers
L_0000025fc4639df8 .functor BUFT 1, C4<00000000000000000000000000000000>, C4<0>, C4<0>, C4<0>;
v0000025fc461c300_0 .net/2u *"_ivl_260", 31 0, L_0000025fc4639df8;  1 drivers
v0000025fc461ce40_0 .net *"_ivl_262", 0 0, L_0000025fc4685f90;  1 drivers
v0000025fc461c080_0 .net *"_ivl_265", 0 0, L_0000025fc4573230;  1 drivers
v0000025fc461cc60_0 .net *"_ivl_267", 0 0, L_0000025fc4573700;  1 drivers
v0000025fc461bb80_0 .net *"_ivl_272", 0 0, L_0000025fc4574180;  1 drivers
v0000025fc461c440_0 .net *"_ivl_277", 0 0, L_0000025fc45741f0;  1 drivers
v0000025fc461bfe0_0 .net *"_ivl_281", 7 0, L_0000025fc46844b0;  1 drivers
v0000025fc461c1c0_0 .net *"_ivl_285", 7 0, L_0000025fc46856d0;  1 drivers
v0000025fc461cee0_0 .net *"_ivl_289", 7 0, L_0000025fc4683bf0;  1 drivers
v0000025fc461cb20_0 .net *"_ivl_29", 0 0, L_0000025fc4573770;  1 drivers
L_0000025fc4639e40 .functor BUFT 1, C4<00000011>, C4<0>, C4<0>, C4<0>;
v0000025fc461c120_0 .net/2u *"_ivl_292", 7 0, L_0000025fc4639e40;  1 drivers
v0000025fc461bea0_0 .net *"_ivl_294", 0 0, L_0000025fc4685950;  1 drivers
L_0000025fc4639e88 .functor BUFT 1, C4<00000111>, C4<0>, C4<0>, C4<0>;
v0000025fc461cbc0_0 .net/2u *"_ivl_296", 7 0, L_0000025fc4639e88;  1 drivers
v0000025fc461c8a0_0 .net *"_ivl_298", 0 0, L_0000025fc4684730;  1 drivers
v0000025fc461b9a0_0 .net *"_ivl_301", 0 0, L_0000025fc45738c0;  1 drivers
v0000025fc461c760_0 .net *"_ivl_303", 7 0, L_0000025fc4683d30;  1 drivers
L_0000025fc4639ed0 .functor BUFT 1, C4<00000000>, C4<0>, C4<0>, C4<0>;
v0000025fc461c9e0_0 .net/2u *"_ivl_304", 7 0, L_0000025fc4639ed0;  1 drivers
v0000025fc461c260_0 .net *"_ivl_306", 7 0, L_0000025fc46842d0;  1 drivers
v0000025fc461bc20_0 .net *"_ivl_31", 7 0, L_0000025fc4681f30;  1 drivers
L_0000025fc4639f18 .functor BUFT 1, C4<00000001>, C4<0>, C4<0>, C4<0>;
v0000025fc461c3a0_0 .net/2u *"_ivl_310", 7 0, L_0000025fc4639f18;  1 drivers
v0000025fc461c4e0_0 .net *"_ivl_312", 0 0, L_0000025fc4685a90;  1 drivers
v0000025fc461ca80_0 .net *"_ivl_315", 15 0, L_0000025fc4684690;  1 drivers
L_0000025fc4639f60 .functor BUFT 1, C4<00000010>, C4<0>, C4<0>, C4<0>;
v0000025fc461c6c0_0 .net/2u *"_ivl_316", 7 0, L_0000025fc4639f60;  1 drivers
v0000025fc461cf80_0 .net *"_ivl_318", 0 0, L_0000025fc4684f50;  1 drivers
L_0000025fc4639468 .functor BUFT 1, C4<00000100>, C4<0>, C4<0>, C4<0>;
v0000025fc461ba40_0 .net/2u *"_ivl_32", 7 0, L_0000025fc4639468;  1 drivers
v0000025fc461bcc0_0 .net *"_ivl_321", 15 0, L_0000025fc4683dd0;  1 drivers
L_0000025fc4639fa8 .functor BUFT 1, C4<0000000000000000>, C4<0>, C4<0>, C4<0>;
v0000025fc461fc30_0 .net/2u *"_ivl_322", 15 0, L_0000025fc4639fa8;  1 drivers
v0000025fc461fa50_0 .net *"_ivl_324", 15 0, L_0000025fc4684230;  1 drivers
v0000025fc4620630_0 .net *"_ivl_326", 15 0, L_0000025fc4684e10;  1 drivers
L_0000025fc4639ff0 .functor BUFT 1, C4<00000001>, C4<0>, C4<0>, C4<0>;
v0000025fc46201d0_0 .net/2u *"_ivl_330", 7 0, L_0000025fc4639ff0;  1 drivers
v0000025fc46208b0_0 .net *"_ivl_332", 0 0, L_0000025fc4683f10;  1 drivers
v0000025fc4620770_0 .net *"_ivl_335", 15 0, L_0000025fc4685130;  1 drivers
L_0000025fc463a038 .functor BUFT 1, C4<00000010>, C4<0>, C4<0>, C4<0>;
v0000025fc461fcd0_0 .net/2u *"_ivl_336", 7 0, L_0000025fc463a038;  1 drivers
v0000025fc461ff50_0 .net *"_ivl_338", 0 0, L_0000025fc4683ab0;  1 drivers
v0000025fc46203b0_0 .net *"_ivl_34", 0 0, L_0000025fc4681d50;  1 drivers
L_0000025fc463a080 .functor BUFT 1, C4<00000100>, C4<0>, C4<0>, C4<0>;
v0000025fc461fff0_0 .net/2u *"_ivl_340", 7 0, L_0000025fc463a080;  1 drivers
v0000025fc4620950_0 .net *"_ivl_342", 0 0, L_0000025fc46853b0;  1 drivers
v0000025fc4620450_0 .net *"_ivl_345", 0 0, L_0000025fc4573930;  1 drivers
v0000025fc46204f0_0 .net *"_ivl_347", 15 0, L_0000025fc4684370;  1 drivers
L_0000025fc463a0c8 .functor BUFT 1, C4<0000000000000000>, C4<0>, C4<0>, C4<0>;
v0000025fc46209f0_0 .net/2u *"_ivl_348", 15 0, L_0000025fc463a0c8;  1 drivers
v0000025fc4620090_0 .net *"_ivl_350", 15 0, L_0000025fc46859f0;  1 drivers
v0000025fc461f910_0 .net *"_ivl_352", 15 0, L_0000025fc4684410;  1 drivers
L_0000025fc463a110 .functor BUFT 1, C4<00000001>, C4<0>, C4<0>, C4<0>;
v0000025fc4620270_0 .net/2u *"_ivl_356", 7 0, L_0000025fc463a110;  1 drivers
v0000025fc461fd70_0 .net *"_ivl_358", 0 0, L_0000025fc46845f0;  1 drivers
L_0000025fc463a158 .functor BUFT 1, C4<00000010>, C4<0>, C4<0>, C4<0>;
v0000025fc461faf0_0 .net/2u *"_ivl_360", 7 0, L_0000025fc463a158;  1 drivers
v0000025fc4620db0_0 .net *"_ivl_362", 0 0, L_0000025fc4685770;  1 drivers
v0000025fc4620810_0 .net *"_ivl_365", 0 0, L_0000025fc4573b60;  1 drivers
v0000025fc4620590_0 .net *"_ivl_367", 15 0, L_0000025fc4683fb0;  1 drivers
L_0000025fc463a1a0 .functor BUFT 1, C4<00000100>, C4<0>, C4<0>, C4<0>;
v0000025fc461fe10_0 .net/2u *"_ivl_368", 7 0, L_0000025fc463a1a0;  1 drivers
v0000025fc46206d0_0 .net *"_ivl_37", 0 0, L_0000025fc45732a0;  1 drivers
v0000025fc4620a90_0 .net *"_ivl_370", 0 0, L_0000025fc4684550;  1 drivers
v0000025fc461feb0_0 .net *"_ivl_373", 15 0, L_0000025fc4684ff0;  1 drivers
L_0000025fc463a1e8 .functor BUFT 1, C4<0000000000000000>, C4<0>, C4<0>, C4<0>;
v0000025fc4620130_0 .net/2u *"_ivl_374", 15 0, L_0000025fc463a1e8;  1 drivers
v0000025fc4620310_0 .net *"_ivl_376", 15 0, L_0000025fc4683b50;  1 drivers
v0000025fc4620b30_0 .net *"_ivl_378", 15 0, L_0000025fc46840f0;  1 drivers
L_0000025fc463a230 .functor BUFT 1, C4<00000011>, C4<0>, C4<0>, C4<0>;
v0000025fc4620e50_0 .net/2u *"_ivl_382", 7 0, L_0000025fc463a230;  1 drivers
v0000025fc461fb90_0 .net *"_ivl_384", 0 0, L_0000025fc4684050;  1 drivers
L_0000025fc463a278 .functor BUFT 1, C4<00000111>, C4<0>, C4<0>, C4<0>;
v0000025fc4620bd0_0 .net/2u *"_ivl_386", 7 0, L_0000025fc463a278;  1 drivers
v0000025fc4620c70_0 .net *"_ivl_388", 0 0, L_0000025fc46847d0;  1 drivers
v0000025fc4620d10_0 .net *"_ivl_39", 7 0, L_0000025fc46833d0;  1 drivers
v0000025fc4620ef0_0 .net *"_ivl_391", 0 0, L_0000025fc45739a0;  1 drivers
v0000025fc4620f90_0 .net *"_ivl_393", 15 0, L_0000025fc4685310;  1 drivers
L_0000025fc463a2c0 .functor BUFT 1, C4<0000000000000000>, C4<0>, C4<0>, C4<0>;
v0000025fc461f9b0_0 .net/2u *"_ivl_394", 15 0, L_0000025fc463a2c0;  1 drivers
v0000025fc461d250_0 .net *"_ivl_396", 15 0, L_0000025fc4685450;  1 drivers
v0000025fc461f370_0 .net *"_ivl_4", 0 0, L_0000025fc4681490;  1 drivers
L_0000025fc46394b0 .functor BUFT 1, C4<00000101>, C4<0>, C4<0>, C4<0>;
v0000025fc461f050_0 .net/2u *"_ivl_40", 7 0, L_0000025fc46394b0;  1 drivers
L_0000025fc463a308 .functor BUFT 1, C4<00000011>, C4<0>, C4<0>, C4<0>;
v0000025fc461f5f0_0 .net/2u *"_ivl_400", 7 0, L_0000025fc463a308;  1 drivers
v0000025fc461d6b0_0 .net *"_ivl_402", 0 0, L_0000025fc4685090;  1 drivers
L_0000025fc463a350 .functor BUFT 1, C4<00000111>, C4<0>, C4<0>, C4<0>;
v0000025fc461df70_0 .net/2u *"_ivl_404", 7 0, L_0000025fc463a350;  1 drivers
v0000025fc461f730_0 .net *"_ivl_406", 0 0, L_0000025fc4685b30;  1 drivers
v0000025fc461e1f0_0 .net *"_ivl_409", 0 0, L_0000025fc4574490;  1 drivers
v0000025fc461f0f0_0 .net *"_ivl_411", 15 0, L_0000025fc4684870;  1 drivers
L_0000025fc463a398 .functor BUFT 1, C4<0000000000000000>, C4<0>, C4<0>, C4<0>;
v0000025fc461f230_0 .net/2u *"_ivl_412", 15 0, L_0000025fc463a398;  1 drivers
v0000025fc461f410_0 .net *"_ivl_414", 15 0, L_0000025fc4683c90;  1 drivers
L_0000025fc463a3e0 .functor BUFT 1, C4<00000011>, C4<0>, C4<0>, C4<0>;
v0000025fc461f7d0_0 .net/2u *"_ivl_418", 7 0, L_0000025fc463a3e0;  1 drivers
v0000025fc461d750_0 .net *"_ivl_42", 0 0, L_0000025fc4682430;  1 drivers
v0000025fc461d7f0_0 .net *"_ivl_420", 0 0, L_0000025fc46854f0;  1 drivers
L_0000025fc463a428 .functor BUFT 1, C4<00000111>, C4<0>, C4<0>, C4<0>;
v0000025fc461d110_0 .net/2u *"_ivl_422", 7 0, L_0000025fc463a428;  1 drivers
v0000025fc461d890_0 .net *"_ivl_424", 0 0, L_0000025fc4685c70;  1 drivers
v0000025fc461f190_0 .net *"_ivl_427", 0 0, L_0000025fc4572d60;  1 drivers
v0000025fc461ef10_0 .net *"_ivl_429", 15 0, L_0000025fc4683a10;  1 drivers
L_0000025fc463a470 .functor BUFT 1, C4<0000000000000000>, C4<0>, C4<0>, C4<0>;
v0000025fc461f4b0_0 .net/2u *"_ivl_430", 15 0, L_0000025fc463a470;  1 drivers
v0000025fc461d930_0 .net *"_ivl_432", 15 0, L_0000025fc46851d0;  1 drivers
L_0000025fc463a4b8 .functor BUFT 1, C4<00000011>, C4<0>, C4<0>, C4<0>;
v0000025fc461ee70_0 .net/2u *"_ivl_436", 7 0, L_0000025fc463a4b8;  1 drivers
v0000025fc461e290_0 .net *"_ivl_438", 0 0, L_0000025fc4685590;  1 drivers
L_0000025fc463a500 .functor BUFT 1, C4<00000111>, C4<0>, C4<0>, C4<0>;
v0000025fc461f550_0 .net/2u *"_ivl_440", 7 0, L_0000025fc463a500;  1 drivers
v0000025fc461f2d0_0 .net *"_ivl_442", 0 0, L_0000025fc4684910;  1 drivers
v0000025fc461e330_0 .net *"_ivl_445", 0 0, L_0000025fc4573a10;  1 drivers
v0000025fc461e790_0 .net *"_ivl_447", 15 0, L_0000025fc4683e70;  1 drivers
L_0000025fc463a548 .functor BUFT 1, C4<0000000000000000>, C4<0>, C4<0>, C4<0>;
v0000025fc461f870_0 .net/2u *"_ivl_448", 15 0, L_0000025fc463a548;  1 drivers
v0000025fc461d4d0_0 .net *"_ivl_45", 0 0, L_0000025fc4574420;  1 drivers
v0000025fc461ec90_0 .net *"_ivl_450", 15 0, L_0000025fc4684b90;  1 drivers
L_0000025fc463a590 .functor BUFT 1, C4<00000011>, C4<0>, C4<0>, C4<0>;
v0000025fc461ed30_0 .net/2u *"_ivl_454", 7 0, L_0000025fc463a590;  1 drivers
v0000025fc461e8d0_0 .net *"_ivl_456", 0 0, L_0000025fc46860d0;  1 drivers
v0000025fc461f690_0 .net *"_ivl_459", 15 0, L_0000025fc4685270;  1 drivers
L_0000025fc463a5d8 .functor BUFT 1, C4<0000000000000000>, C4<0>, C4<0>, C4<0>;
v0000025fc461de30_0 .net/2u *"_ivl_460", 15 0, L_0000025fc463a5d8;  1 drivers
v0000025fc461e6f0_0 .net *"_ivl_462", 15 0, L_0000025fc46849b0;  1 drivers
L_0000025fc463a620 .functor BUFT 1, C4<00000011>, C4<0>, C4<0>, C4<0>;
v0000025fc461d570_0 .net/2u *"_ivl_466", 7 0, L_0000025fc463a620;  1 drivers
v0000025fc461d9d0_0 .net *"_ivl_468", 0 0, L_0000025fc4685630;  1 drivers
v0000025fc461d1b0_0 .net *"_ivl_47", 7 0, L_0000025fc4683830;  1 drivers
v0000025fc461d2f0_0 .net *"_ivl_471", 15 0, L_0000025fc4684190;  1 drivers
L_0000025fc463a668 .functor BUFT 1, C4<0000000000000000>, C4<0>, C4<0>, C4<0>;
v0000025fc461da70_0 .net/2u *"_ivl_472", 15 0, L_0000025fc463a668;  1 drivers
v0000025fc461db10_0 .net *"_ivl_474", 15 0, L_0000025fc4685bd0;  1 drivers
L_0000025fc463a6b0 .functor BUFT 1, C4<00000111>, C4<0>, C4<0>, C4<0>;
v0000025fc461dd90_0 .net/2u *"_ivl_478", 7 0, L_0000025fc463a6b0;  1 drivers
L_0000025fc46394f8 .functor BUFT 1, C4<00000110>, C4<0>, C4<0>, C4<0>;
v0000025fc461dbb0_0 .net/2u *"_ivl_48", 7 0, L_0000025fc46394f8;  1 drivers
v0000025fc461d390_0 .net *"_ivl_480", 0 0, L_0000025fc4686030;  1 drivers
v0000025fc461e830_0 .net *"_ivl_483", 15 0, L_0000025fc4684a50;  1 drivers
L_0000025fc463a6f8 .functor BUFT 1, C4<0000000000000000>, C4<0>, C4<0>, C4<0>;
v0000025fc461e650_0 .net/2u *"_ivl_484", 15 0, L_0000025fc463a6f8;  1 drivers
v0000025fc461e150_0 .net *"_ivl_486", 15 0, L_0000025fc4685810;  1 drivers
L_0000025fc463a740 .functor BUFT 1, C4<00000111>, C4<0>, C4<0>, C4<0>;
v0000025fc461d430_0 .net/2u *"_ivl_490", 7 0, L_0000025fc463a740;  1 drivers
v0000025fc461edd0_0 .net *"_ivl_492", 0 0, L_0000025fc4685d10;  1 drivers
v0000025fc461d610_0 .net *"_ivl_495", 15 0, L_0000025fc4685db0;  1 drivers
L_0000025fc463a788 .functor BUFT 1, C4<0000000000000000>, C4<0>, C4<0>, C4<0>;
v0000025fc461e970_0 .net/2u *"_ivl_496", 15 0, L_0000025fc463a788;  1 drivers
v0000025fc461e010_0 .net *"_ivl_498", 15 0, L_0000025fc4684af0;  1 drivers
v0000025fc461ebf0_0 .net *"_ivl_50", 0 0, L_0000025fc4683150;  1 drivers
L_0000025fc463a7d0 .functor BUFT 1, C4<00000011>, C4<0>, C4<0>, C4<0>;
v0000025fc461e0b0_0 .net/2u *"_ivl_502", 7 0, L_0000025fc463a7d0;  1 drivers
v0000025fc461dc50_0 .net *"_ivl_504", 0 0, L_0000025fc4684c30;  1 drivers
L_0000025fc463a818 .functor BUFT 1, C4<00000111>, C4<0>, C4<0>, C4<0>;
v0000025fc461efb0_0 .net/2u *"_ivl_506", 7 0, L_0000025fc463a818;  1 drivers
v0000025fc461ea10_0 .net *"_ivl_508", 0 0, L_0000025fc4685e50;  1 drivers
v0000025fc461dcf0_0 .net *"_ivl_511", 0 0, L_0000025fc4573a80;  1 drivers
L_0000025fc463a860 .functor BUFT 1, C4<00000000000000000000000000000000>, C4<0>, C4<0>, C4<0>;
v0000025fc461ded0_0 .net/2u *"_ivl_512", 31 0, L_0000025fc463a860;  1 drivers
v0000025fc461e3d0_0 .net *"_ivl_514", 31 0, L_0000025fc4685ef0;  1 drivers
L_0000025fc463a8a8 .functor BUFT 1, C4<00000110>, C4<0>, C4<0>, C4<0>;
v0000025fc461e470_0 .net/2u *"_ivl_518", 7 0, L_0000025fc463a8a8;  1 drivers
v0000025fc461e510_0 .net *"_ivl_520", 0 0, L_0000025fc4683970;  1 drivers
v0000025fc461e5b0_0 .net *"_ivl_523", 15 0, L_0000025fc4684cd0;  1 drivers
L_0000025fc463a8f0 .functor BUFT 1, C4<0000000000000000>, C4<0>, C4<0>, C4<0>;
v0000025fc461eab0_0 .net/2u *"_ivl_524", 15 0, L_0000025fc463a8f0;  1 drivers
v0000025fc461eb50_0 .net *"_ivl_526", 15 0, L_0000025fc4684d70;  1 drivers
v0000025fc4621da0_0 .net *"_ivl_53", 0 0, L_0000025fc4573150;  1 drivers
L_0000025fc463a938 .functor BUFT 1, C4<00000110>, C4<0>, C4<0>, C4<0>;
v0000025fc46216c0_0 .net/2u *"_ivl_530", 7 0, L_0000025fc463a938;  1 drivers
v0000025fc4621ee0_0 .net *"_ivl_532", 0 0, L_0000025fc4684eb0;  1 drivers
v0000025fc4623240_0 .net *"_ivl_535", 15 0, L_0000025fc4686ad0;  1 drivers
L_0000025fc463a980 .functor BUFT 1, C4<0000000000000000>, C4<0>, C4<0>, C4<0>;
v0000025fc4621440_0 .net/2u *"_ivl_536", 15 0, L_0000025fc463a980;  1 drivers
v0000025fc4621260_0 .net *"_ivl_538", 15 0, L_0000025fc4687ed0;  1 drivers
L_0000025fc463a9c8 .functor BUFT 1, C4<00000110>, C4<0>, C4<0>, C4<0>;
v0000025fc4621300_0 .net/2u *"_ivl_542", 7 0, L_0000025fc463a9c8;  1 drivers
v0000025fc4622480_0 .net *"_ivl_544", 0 0, L_0000025fc4688510;  1 drivers
v0000025fc46213a0_0 .net *"_ivl_547", 15 0, L_0000025fc4686a30;  1 drivers
L_0000025fc463aa10 .functor BUFT 1, C4<0000000000000000>, C4<0>, C4<0>, C4<0>;
v0000025fc4622840_0 .net/2u *"_ivl_548", 15 0, L_0000025fc463aa10;  1 drivers
v0000025fc46220c0_0 .net *"_ivl_55", 7 0, L_0000025fc46815d0;  1 drivers
v0000025fc4622ca0_0 .net *"_ivl_550", 15 0, L_0000025fc4686b70;  1 drivers
L_0000025fc463aa58 .functor BUFT 1, C4<00000110>, C4<0>, C4<0>, C4<0>;
v0000025fc4622160_0 .net/2u *"_ivl_554", 7 0, L_0000025fc463aa58;  1 drivers
v0000025fc4621a80_0 .net *"_ivl_556", 0 0, L_0000025fc46885b0;  1 drivers
v0000025fc4621c60_0 .net *"_ivl_559", 15 0, L_0000025fc4688650;  1 drivers
L_0000025fc4639540 .functor BUFT 1, C4<00000111>, C4<0>, C4<0>, C4<0>;
v0000025fc4621b20_0 .net/2u *"_ivl_56", 7 0, L_0000025fc4639540;  1 drivers
L_0000025fc463aaa0 .functor BUFT 1, C4<0000000000000000>, C4<0>, C4<0>, C4<0>;
v0000025fc4622b60_0 .net/2u *"_ivl_560", 15 0, L_0000025fc463aaa0;  1 drivers
v0000025fc4622340_0 .net *"_ivl_562", 15 0, L_0000025fc4687bb0;  1 drivers
L_0000025fc463aae8 .functor BUFT 1, C4<00000110>, C4<0>, C4<0>, C4<0>;
v0000025fc46211c0_0 .net/2u *"_ivl_566", 7 0, L_0000025fc463aae8;  1 drivers
v0000025fc4621e40_0 .net *"_ivl_568", 0 0, L_0000025fc46886f0;  1 drivers
v0000025fc46231a0_0 .net *"_ivl_571", 15 0, L_0000025fc4687d90;  1 drivers
L_0000025fc463ab30 .functor BUFT 1, C4<0000000000000000>, C4<0>, C4<0>, C4<0>;
v0000025fc4621d00_0 .net/2u *"_ivl_572", 15 0, L_0000025fc463ab30;  1 drivers
v0000025fc4621bc0_0 .net *"_ivl_574", 15 0, L_0000025fc4686530;  1 drivers
L_0000025fc463ab78 .functor BUFT 1, C4<00000110>, C4<0>, C4<0>, C4<0>;
v0000025fc4622e80_0 .net/2u *"_ivl_578", 7 0, L_0000025fc463ab78;  1 drivers
v0000025fc4621f80_0 .net *"_ivl_58", 0 0, L_0000025fc4682a70;  1 drivers
v0000025fc4623380_0 .net *"_ivl_580", 0 0, L_0000025fc4687f70;  1 drivers
v0000025fc46227a0_0 .net *"_ivl_583", 15 0, L_0000025fc4686fd0;  1 drivers
L_0000025fc463abc0 .functor BUFT 1, C4<0000000000000000>, C4<0>, C4<0>, C4<0>;
v0000025fc4622020_0 .net/2u *"_ivl_584", 15 0, L_0000025fc463abc0;  1 drivers
v0000025fc46219e0_0 .net *"_ivl_586", 15 0, L_0000025fc4686210;  1 drivers
L_0000025fc463ac08 .functor BUFT 1, C4<00000110>, C4<0>, C4<0>, C4<0>;
v0000025fc4621760_0 .net/2u *"_ivl_590", 7 0, L_0000025fc463ac08;  1 drivers
v0000025fc4622200_0 .net *"_ivl_592", 0 0, L_0000025fc4686c10;  1 drivers
v0000025fc4623740_0 .net *"_ivl_595", 15 0, L_0000025fc4686710;  1 drivers
L_0000025fc463ac50 .functor BUFT 1, C4<0000000000000000>, C4<0>, C4<0>, C4<0>;
v0000025fc46222a0_0 .net/2u *"_ivl_596", 15 0, L_0000025fc463ac50;  1 drivers
v0000025fc46223e0_0 .net *"_ivl_598", 15 0, L_0000025fc4686cb0;  1 drivers
L_0000025fc463ac98 .functor BUFT 1, C4<00000110>, C4<0>, C4<0>, C4<0>;
v0000025fc4621120_0 .net/2u *"_ivl_602", 7 0, L_0000025fc463ac98;  1 drivers
v0000025fc46228e0_0 .net *"_ivl_604", 0 0, L_0000025fc4688790;  1 drivers
v0000025fc4621580_0 .net *"_ivl_607", 15 0, L_0000025fc4686d50;  1 drivers
L_0000025fc463ace0 .functor BUFT 1, C4<0000000000000000>, C4<0>, C4<0>, C4<0>;
v0000025fc4621800_0 .net/2u *"_ivl_608", 15 0, L_0000025fc463ace0;  1 drivers
v0000025fc4622520_0 .net *"_ivl_61", 0 0, L_0000025fc4573d20;  1 drivers
v0000025fc46232e0_0 .net *"_ivl_610", 15 0, L_0000025fc4688830;  1 drivers
L_0000025fc463ad28 .functor BUFT 1, C4<0000000000000000>, C4<0>, C4<0>, C4<0>;
v0000025fc46214e0_0 .net/2u *"_ivl_615", 15 0, L_0000025fc463ad28;  1 drivers
v0000025fc4621620_0 .net *"_ivl_63", 0 0, L_0000025fc4682b10;  1 drivers
v0000025fc46218a0_0 .net *"_ivl_65", 7 0, L_0000025fc46817b0;  1 drivers
L_0000025fc4639588 .functor BUFT 1, C4<00000000>, C4<0>, C4<0>, C4<0>;
v0000025fc4621940_0 .net/2u *"_ivl_66", 7 0, L_0000025fc4639588;  1 drivers
v0000025fc46225c0_0 .net *"_ivl_68", 0 0, L_0000025fc46831f0;  1 drivers
v0000025fc4622d40_0 .net *"_ivl_7", 7 0, L_0000025fc4683290;  1 drivers
v0000025fc46236a0_0 .net *"_ivl_71", 0 0, L_0000025fc45740a0;  1 drivers
L_0000025fc46395d0 .functor BUFT 1, C4<00000011>, C4<0>, C4<0>, C4<0>;
v0000025fc4623060_0 .net/2u *"_ivl_72", 7 0, L_0000025fc46395d0;  1 drivers
v0000025fc4623420_0 .net *"_ivl_74", 0 0, L_0000025fc4681850;  1 drivers
L_0000025fc4639618 .functor BUFT 1, C4<00000111>, C4<0>, C4<0>, C4<0>;
v0000025fc4622660_0 .net/2u *"_ivl_76", 7 0, L_0000025fc4639618;  1 drivers
v0000025fc4622700_0 .net *"_ivl_78", 0 0, L_0000025fc4681ad0;  1 drivers
L_0000025fc4639390 .functor BUFT 1, C4<00000001>, C4<0>, C4<0>, C4<0>;
v0000025fc4622980_0 .net/2u *"_ivl_8", 7 0, L_0000025fc4639390;  1 drivers
v0000025fc4622a20_0 .net *"_ivl_81", 0 0, L_0000025fc4573cb0;  1 drivers
v0000025fc4622ac0_0 .net *"_ivl_83", 7 0, L_0000025fc4683330;  1 drivers
L_0000025fc4639660 .functor BUFT 1, C4<00000000>, C4<0>, C4<0>, C4<0>;
v0000025fc4622c00_0 .net/2u *"_ivl_84", 7 0, L_0000025fc4639660;  1 drivers
v0000025fc4622de0_0 .net *"_ivl_86", 0 0, L_0000025fc4681fd0;  1 drivers
v0000025fc4622f20_0 .net *"_ivl_89", 0 0, L_0000025fc45735b0;  1 drivers
v0000025fc4622fc0_0 .net *"_ivl_91", 0 0, L_0000025fc45733f0;  1 drivers
v0000025fc4623100_0 .net *"_ivl_93", 7 0, L_0000025fc4682bb0;  1 drivers
L_0000025fc46396a8 .functor BUFT 1, C4<00000000>, C4<0>, C4<0>, C4<0>;
v0000025fc46234c0_0 .net/2u *"_ivl_94", 7 0, L_0000025fc46396a8;  1 drivers
v0000025fc4623560_0 .net *"_ivl_96", 0 0, L_0000025fc46835b0;  1 drivers
v0000025fc4623600_0 .net *"_ivl_99", 7 0, L_0000025fc4681710;  1 drivers
v0000025fc46237e0_0 .net "instr_decoder_error", 0 0, L_0000025fc4574030;  1 drivers
v0000025fc4623880_0 .net "instr_out", 385 0, L_0000025fc46867b0;  alias, 1 drivers
v0000025fc4624780_0 .var "instr_type", 7 0;
v0000025fc4624dc0_0 .net "w0", 31 0, v0000025fc462c390_0;  alias, 1 drivers
v0000025fc4623b00_0 .net "w1", 31 0, v0000025fc462ab30_0;  alias, 1 drivers
v0000025fc4624280_0 .net "w2", 31 0, v0000025fc462c1b0_0;  alias, 1 drivers
v0000025fc46243c0_0 .net "w3", 31 0, v0000025fc462ad10_0;  alias, 1 drivers
v0000025fc46241e0_0 .net "w4", 31 0, v0000025fc462b030_0;  alias, 1 drivers
E_0000025fc453a4c0 .event anyedge, v0000025fc460bbd0_0;
L_0000025fc4682f70 .part v0000025fc462c390_0, 24, 8;
L_0000025fc4681490 .cmp/eq 8, L_0000025fc4682f70, L_0000025fc4639348;
L_0000025fc4683290 .part v0000025fc462c390_0, 24, 8;
L_0000025fc46830b0 .cmp/eq 8, L_0000025fc4683290, L_0000025fc4639390;
L_0000025fc4682e30 .part v0000025fc462c390_0, 24, 8;
L_0000025fc4683010 .cmp/eq 8, L_0000025fc4682e30, L_0000025fc46393d8;
L_0000025fc4683510 .part v0000025fc462c390_0, 24, 8;
L_0000025fc46829d0 .cmp/eq 8, L_0000025fc4683510, L_0000025fc4639420;
L_0000025fc4681f30 .part v0000025fc462c390_0, 24, 8;
L_0000025fc4681d50 .cmp/eq 8, L_0000025fc4681f30, L_0000025fc4639468;
L_0000025fc46833d0 .part v0000025fc462c390_0, 24, 8;
L_0000025fc4682430 .cmp/eq 8, L_0000025fc46833d0, L_0000025fc46394b0;
L_0000025fc4683830 .part v0000025fc462c390_0, 24, 8;
L_0000025fc4683150 .cmp/eq 8, L_0000025fc4683830, L_0000025fc46394f8;
L_0000025fc46815d0 .part v0000025fc462c390_0, 24, 8;
L_0000025fc4682a70 .cmp/eq 8, L_0000025fc46815d0, L_0000025fc4639540;
L_0000025fc4682b10 .reduce/nor L_0000025fc4573d20;
L_0000025fc46817b0 .part v0000025fc462c390_0, 16, 8;
L_0000025fc46831f0 .cmp/ne 8, L_0000025fc46817b0, L_0000025fc4639588;
L_0000025fc4681850 .cmp/ne 8, v0000025fc4624780_0, L_0000025fc46395d0;
L_0000025fc4681ad0 .cmp/ne 8, v0000025fc4624780_0, L_0000025fc4639618;
L_0000025fc4683330 .part v0000025fc462c390_0, 0, 8;
L_0000025fc4681fd0 .cmp/ne 8, L_0000025fc4683330, L_0000025fc4639660;
L_0000025fc4682bb0 .part v0000025fc462c390_0, 8, 8;
L_0000025fc46835b0 .cmp/eq 8, L_0000025fc4682bb0, L_0000025fc46396a8;
L_0000025fc4681710 .part v0000025fc462c390_0, 8, 8;
L_0000025fc4682110 .cmp/eq 8, L_0000025fc4681710, L_0000025fc46396f0;
L_0000025fc4683470 .part v0000025fc462c390_0, 8, 8;
L_0000025fc4682070 .cmp/eq 8, L_0000025fc4683470, L_0000025fc4639738;
L_0000025fc4681210 .part v0000025fc462c390_0, 8, 8;
L_0000025fc46827f0 .cmp/eq 8, L_0000025fc4681210, L_0000025fc4639780;
L_0000025fc4682c50 .part v0000025fc462c390_0, 8, 8;
L_0000025fc4683650 .cmp/eq 8, L_0000025fc4682c50, L_0000025fc46397c8;
L_0000025fc46812b0 .reduce/nor L_0000025fc4573d90;
L_0000025fc46818f0 .cmp/eq 8, v0000025fc4624780_0, L_0000025fc4639810;
L_0000025fc4681c10 .part v0000025fc462c1b0_0, 0, 16;
L_0000025fc46836f0 .cmp/ne 16, L_0000025fc4681c10, L_0000025fc4639858;
L_0000025fc46838d0 .cmp/ne 32, v0000025fc462ad10_0, L_0000025fc46398a0;
L_0000025fc4681170 .cmp/ne 32, v0000025fc462b030_0, L_0000025fc46398e8;
L_0000025fc46824d0 .cmp/eq 8, v0000025fc4624780_0, L_0000025fc4639930;
L_0000025fc46821b0 .part v0000025fc462c1b0_0, 0, 16;
L_0000025fc4682250 .cmp/ne 16, L_0000025fc46821b0, L_0000025fc4639978;
L_0000025fc4681530 .cmp/ne 32, v0000025fc462ad10_0, L_0000025fc46399c0;
L_0000025fc4681350 .cmp/ne 32, v0000025fc462b030_0, L_0000025fc4639a08;
L_0000025fc4681a30 .cmp/eq 8, v0000025fc4624780_0, L_0000025fc4639a50;
L_0000025fc46813f0 .cmp/ne 32, v0000025fc462c1b0_0, L_0000025fc4639a98;
L_0000025fc4681670 .cmp/ne 32, v0000025fc462ad10_0, L_0000025fc4639ae0;
L_0000025fc46826b0 .cmp/ne 32, v0000025fc462b030_0, L_0000025fc4639b28;
L_0000025fc4681990 .cmp/eq 8, v0000025fc4624780_0, L_0000025fc4639b70;
L_0000025fc46822f0 .cmp/ne 32, v0000025fc462ab30_0, L_0000025fc4639bb8;
L_0000025fc4682570 .cmp/ne 32, v0000025fc462c1b0_0, L_0000025fc4639c00;
L_0000025fc4681b70 .cmp/ne 32, v0000025fc462ad10_0, L_0000025fc4639c48;
L_0000025fc4682610 .cmp/ne 32, v0000025fc462b030_0, L_0000025fc4639c90;
L_0000025fc4681cb0 .cmp/eq 8, v0000025fc4624780_0, L_0000025fc4639cd8;
L_0000025fc4682390 .cmp/ne 32, v0000025fc462ab30_0, L_0000025fc4639d20;
L_0000025fc4682750 .cmp/ne 32, v0000025fc462c1b0_0, L_0000025fc4639d68;
L_0000025fc46858b0 .cmp/ne 32, v0000025fc462ad10_0, L_0000025fc4639db0;
L_0000025fc4685f90 .cmp/ne 32, v0000025fc462b030_0, L_0000025fc4639df8;
L_0000025fc46844b0 .part v0000025fc462c390_0, 24, 8;
L_0000025fc46856d0 .part v0000025fc462c390_0, 16, 8;
L_0000025fc4683bf0 .part v0000025fc462c390_0, 8, 8;
L_0000025fc4685950 .cmp/eq 8, v0000025fc4624780_0, L_0000025fc4639e40;
L_0000025fc4684730 .cmp/eq 8, v0000025fc4624780_0, L_0000025fc4639e88;
L_0000025fc4683d30 .part v0000025fc462c390_0, 0, 8;
L_0000025fc46842d0 .functor MUXZ 8, L_0000025fc4639ed0, L_0000025fc4683d30, L_0000025fc45738c0, C4<>;
L_0000025fc4685a90 .cmp/eq 8, v0000025fc4624780_0, L_0000025fc4639f18;
L_0000025fc4684690 .part v0000025fc462ab30_0, 16, 16;
L_0000025fc4684f50 .cmp/eq 8, v0000025fc4624780_0, L_0000025fc4639f60;
L_0000025fc4683dd0 .part v0000025fc462ab30_0, 0, 16;
L_0000025fc4684230 .functor MUXZ 16, L_0000025fc4639fa8, L_0000025fc4683dd0, L_0000025fc4684f50, C4<>;
L_0000025fc4684e10 .functor MUXZ 16, L_0000025fc4684230, L_0000025fc4684690, L_0000025fc4685a90, C4<>;
L_0000025fc4683f10 .cmp/eq 8, v0000025fc4624780_0, L_0000025fc4639ff0;
L_0000025fc4685130 .part v0000025fc462ab30_0, 0, 16;
L_0000025fc4683ab0 .cmp/eq 8, v0000025fc4624780_0, L_0000025fc463a038;
L_0000025fc46853b0 .cmp/eq 8, v0000025fc4624780_0, L_0000025fc463a080;
L_0000025fc4684370 .part v0000025fc462ab30_0, 16, 16;
L_0000025fc46859f0 .functor MUXZ 16, L_0000025fc463a0c8, L_0000025fc4684370, L_0000025fc4573930, C4<>;
L_0000025fc4684410 .functor MUXZ 16, L_0000025fc46859f0, L_0000025fc4685130, L_0000025fc4683f10, C4<>;
L_0000025fc46845f0 .cmp/eq 8, v0000025fc4624780_0, L_0000025fc463a110;
L_0000025fc4685770 .cmp/eq 8, v0000025fc4624780_0, L_0000025fc463a158;
L_0000025fc4683fb0 .part v0000025fc462c1b0_0, 16, 16;
L_0000025fc4684550 .cmp/eq 8, v0000025fc4624780_0, L_0000025fc463a1a0;
L_0000025fc4684ff0 .part v0000025fc462ab30_0, 0, 16;
L_0000025fc4683b50 .functor MUXZ 16, L_0000025fc463a1e8, L_0000025fc4684ff0, L_0000025fc4684550, C4<>;
L_0000025fc46840f0 .functor MUXZ 16, L_0000025fc4683b50, L_0000025fc4683fb0, L_0000025fc4573b60, C4<>;
L_0000025fc4684050 .cmp/eq 8, v0000025fc4624780_0, L_0000025fc463a230;
L_0000025fc46847d0 .cmp/eq 8, v0000025fc4624780_0, L_0000025fc463a278;
L_0000025fc4685310 .part v0000025fc462ab30_0, 16, 16;
L_0000025fc4685450 .functor MUXZ 16, L_0000025fc463a2c0, L_0000025fc4685310, L_0000025fc45739a0, C4<>;
L_0000025fc4685090 .cmp/eq 8, v0000025fc4624780_0, L_0000025fc463a308;
L_0000025fc4685b30 .cmp/eq 8, v0000025fc4624780_0, L_0000025fc463a350;
L_0000025fc4684870 .part v0000025fc462ab30_0, 0, 16;
L_0000025fc4683c90 .functor MUXZ 16, L_0000025fc463a398, L_0000025fc4684870, L_0000025fc4574490, C4<>;
L_0000025fc46854f0 .cmp/eq 8, v0000025fc4624780_0, L_0000025fc463a3e0;
L_0000025fc4685c70 .cmp/eq 8, v0000025fc4624780_0, L_0000025fc463a428;
L_0000025fc4683a10 .part v0000025fc462c1b0_0, 16, 16;
L_0000025fc46851d0 .functor MUXZ 16, L_0000025fc463a470, L_0000025fc4683a10, L_0000025fc4572d60, C4<>;
L_0000025fc4685590 .cmp/eq 8, v0000025fc4624780_0, L_0000025fc463a4b8;
L_0000025fc4684910 .cmp/eq 8, v0000025fc4624780_0, L_0000025fc463a500;
L_0000025fc4683e70 .part v0000025fc462c1b0_0, 0, 16;
L_0000025fc4684b90 .functor MUXZ 16, L_0000025fc463a548, L_0000025fc4683e70, L_0000025fc4573a10, C4<>;
L_0000025fc46860d0 .cmp/eq 8, v0000025fc4624780_0, L_0000025fc463a590;
L_0000025fc4685270 .part v0000025fc462ad10_0, 16, 16;
L_0000025fc46849b0 .functor MUXZ 16, L_0000025fc463a5d8, L_0000025fc4685270, L_0000025fc46860d0, C4<>;
L_0000025fc4685630 .cmp/eq 8, v0000025fc4624780_0, L_0000025fc463a620;
L_0000025fc4684190 .part v0000025fc462ad10_0, 0, 16;
L_0000025fc4685bd0 .functor MUXZ 16, L_0000025fc463a668, L_0000025fc4684190, L_0000025fc4685630, C4<>;
L_0000025fc4686030 .cmp/eq 8, v0000025fc4624780_0, L_0000025fc463a6b0;
L_0000025fc4684a50 .part v0000025fc462ad10_0, 16, 16;
L_0000025fc4685810 .functor MUXZ 16, L_0000025fc463a6f8, L_0000025fc4684a50, L_0000025fc4686030, C4<>;
L_0000025fc4685d10 .cmp/eq 8, v0000025fc4624780_0, L_0000025fc463a740;
L_0000025fc4685db0 .part v0000025fc462ad10_0, 0, 16;
L_0000025fc4684af0 .functor MUXZ 16, L_0000025fc463a788, L_0000025fc4685db0, L_0000025fc4685d10, C4<>;
L_0000025fc4684c30 .cmp/eq 8, v0000025fc4624780_0, L_0000025fc463a7d0;
L_0000025fc4685e50 .cmp/eq 8, v0000025fc4624780_0, L_0000025fc463a818;
L_0000025fc4685ef0 .functor MUXZ 32, L_0000025fc463a860, v0000025fc462b030_0, L_0000025fc4573a80, C4<>;
L_0000025fc4683970 .cmp/eq 8, v0000025fc4624780_0, L_0000025fc463a8a8;
L_0000025fc4684cd0 .part v0000025fc462ab30_0, 16, 16;
L_0000025fc4684d70 .functor MUXZ 16, L_0000025fc463a8f0, L_0000025fc4684cd0, L_0000025fc4683970, C4<>;
L_0000025fc4684eb0 .cmp/eq 8, v0000025fc4624780_0, L_0000025fc463a938;
L_0000025fc4686ad0 .part v0000025fc462ab30_0, 0, 16;
L_0000025fc4687ed0 .functor MUXZ 16, L_0000025fc463a980, L_0000025fc4686ad0, L_0000025fc4684eb0, C4<>;
L_0000025fc4688510 .cmp/eq 8, v0000025fc4624780_0, L_0000025fc463a9c8;
L_0000025fc4686a30 .part v0000025fc462c1b0_0, 16, 16;
L_0000025fc4686b70 .functor MUXZ 16, L_0000025fc463aa10, L_0000025fc4686a30, L_0000025fc4688510, C4<>;
L_0000025fc46885b0 .cmp/eq 8, v0000025fc4624780_0, L_0000025fc463aa58;
L_0000025fc4688650 .part v0000025fc462c1b0_0, 0, 16;
L_0000025fc4687bb0 .functor MUXZ 16, L_0000025fc463aaa0, L_0000025fc4688650, L_0000025fc46885b0, C4<>;
L_0000025fc46886f0 .cmp/eq 8, v0000025fc4624780_0, L_0000025fc463aae8;
L_0000025fc4687d90 .part v0000025fc462ad10_0, 16, 16;
L_0000025fc4686530 .functor MUXZ 16, L_0000025fc463ab30, L_0000025fc4687d90, L_0000025fc46886f0, C4<>;
L_0000025fc4687f70 .cmp/eq 8, v0000025fc4624780_0, L_0000025fc463ab78;
L_0000025fc4686fd0 .part v0000025fc462ad10_0, 0, 16;
L_0000025fc4686210 .functor MUXZ 16, L_0000025fc463abc0, L_0000025fc4686fd0, L_0000025fc4687f70, C4<>;
L_0000025fc4686c10 .cmp/eq 8, v0000025fc4624780_0, L_0000025fc463ac08;
L_0000025fc4686710 .part v0000025fc462b030_0, 16, 16;
L_0000025fc4686cb0 .functor MUXZ 16, L_0000025fc463ac50, L_0000025fc4686710, L_0000025fc4686c10, C4<>;
L_0000025fc4688790 .cmp/eq 8, v0000025fc4624780_0, L_0000025fc463ac98;
L_0000025fc4686d50 .part v0000025fc462b030_0, 0, 16;
L_0000025fc4688830 .functor MUXZ 16, L_0000025fc463ace0, L_0000025fc4686d50, L_0000025fc4688790, C4<>;
LS_0000025fc46867b0_0_0 .concat8 [ 16 16 16 16], L_0000025fc463ad28, L_0000025fc4688830, L_0000025fc4686cb0, L_0000025fc4686210;
LS_0000025fc46867b0_0_4 .concat8 [ 16 16 16 16], L_0000025fc4686530, L_0000025fc4687bb0, L_0000025fc4686b70, L_0000025fc4687ed0;
LS_0000025fc46867b0_0_8 .concat8 [ 16 16 32 16], L_0000025fc4684d70, L_0000025fc46840f0, L_0000025fc4685ef0, L_0000025fc4684af0;
LS_0000025fc46867b0_0_12 .concat8 [ 16 16 16 16], L_0000025fc4685810, L_0000025fc4685bd0, L_0000025fc46849b0, L_0000025fc4684b90;
LS_0000025fc46867b0_0_16 .concat8 [ 16 16 16 16], L_0000025fc46851d0, L_0000025fc4683c90, L_0000025fc4685450, L_0000025fc4684410;
LS_0000025fc46867b0_0_20 .concat8 [ 16 8 8 8], L_0000025fc4684e10, L_0000025fc46842d0, L_0000025fc4683bf0, L_0000025fc46856d0;
LS_0000025fc46867b0_0_24 .concat8 [ 8 1 1 0], L_0000025fc46844b0, L_0000025fc45741f0, L_0000025fc4574180;
LS_0000025fc46867b0_1_0 .concat8 [ 64 64 80 64], LS_0000025fc46867b0_0_0, LS_0000025fc46867b0_0_4, LS_0000025fc46867b0_0_8, LS_0000025fc46867b0_0_12;
LS_0000025fc46867b0_1_4 .concat8 [ 64 40 10 0], LS_0000025fc46867b0_0_16, LS_0000025fc46867b0_0_20, LS_0000025fc46867b0_0_24;
L_0000025fc46867b0 .concat8 [ 272 114 0 0], LS_0000025fc46867b0_1_0, LS_0000025fc46867b0_1_4;
S_0000025fc46066e0 .scope module, "u_dense_engine" "dense_engine" 5 477, 11 9 0, S_0000025fc4409f20;
 .timescale -9 -12;
    .port_info 0 /INPUT 1 "clk";
    .port_info 1 /INPUT 1 "rst_n";
    .port_info 2 /INPUT 1 "start";
    .port_info 3 /INPUT 16 "input_addr";
    .port_info 4 /INPUT 16 "weight_addr";
    .port_info 5 /INPUT 16 "output_addr";
    .port_info 6 /INPUT 16 "bias_addr";
    .port_info 7 /INPUT 16 "input_len";
    .port_info 8 /INPUT 16 "output_len";
    .port_info 9 /INPUT 8 "activation";
    .port_info 10 /INPUT 32 "requant_m0";
    .port_info 11 /INPUT 8 "requant_shift";
    .port_info 12 /OUTPUT 1 "busy";
    .port_info 13 /OUTPUT 1 "done";
    .port_info 14 /OUTPUT 1 "error";
    .port_info 15 /OUTPUT 64 "spad_rd_addr_bus";
    .port_info 16 /INPUT 32 "spad_rd_data_bus";
    .port_info 17 /OUTPUT 1 "spad_wr_en";
    .port_info 18 /OUTPUT 16 "spad_wr_addr";
    .port_info 19 /OUTPUT 8 "spad_wr_data";
    .port_info 20 /OUTPUT 64 "weight_rd_addr_bus";
    .port_info 21 /INPUT 32 "weight_rd_data_bus";
    .port_info 22 /OUTPUT 16 "bias_rd_addr";
    .port_info 23 /INPUT 8 "bias_rd_data";
P_0000025fc43f4f00 .param/l "ACC_WIDTH" 0 11 11, +C4<00000000000000000000000000100000>;
P_0000025fc43f4f38 .param/l "RELU6_MAX" 0 11 13, +C4<00000000000000000000000001111111>;
P_0000025fc43f4f70 .param/l "REQUANT_SHIFT" 0 11 12, +C4<00000000000000000000000000000000>;
P_0000025fc43f4fa8 .param/l "SIMD_WIDTH" 0 11 10, +C4<00000000000000000000000000000100>;
enum0000025fc448ce60 .enum4 (4)
   "ST_IDLE" 4'b0000,
   "ST_READ_BIAS" 4'b0001,
   "ST_INIT_ACC" 4'b0010,
   "ST_LOAD_CHUNK" 4'b0011,
   "ST_WAIT_MEM" 4'b0100,
   "ST_MAC" 4'b0101,
   "ST_POSTPROCESS" 4'b0110,
   "ST_WRITE_RESULT" 4'b0111,
   "ST_DONE" 4'b1000
 ;
v0000025fc4626df0_0 .net *"_ivl_10", 15 0, L_0000025fc46865d0;  1 drivers
v0000025fc4627430_0 .net *"_ivl_16", 15 0, L_0000025fc4688010;  1 drivers
v0000025fc4626fd0_0 .net *"_ivl_18", 15 0, L_0000025fc4688470;  1 drivers
v0000025fc4627890_0 .net *"_ivl_2", 15 0, L_0000025fc46876b0;  1 drivers
v0000025fc4625810_0 .net *"_ivl_22", 15 0, L_0000025fc46880b0;  1 drivers
v0000025fc46253b0_0 .net *"_ivl_24", 15 0, L_0000025fc4688150;  1 drivers
v0000025fc4625630_0 .net *"_ivl_30", 15 0, L_0000025fc4688f10;  1 drivers
v0000025fc46256d0_0 .net *"_ivl_32", 15 0, L_0000025fc4688e70;  1 drivers
v0000025fc46294b0_0 .net *"_ivl_36", 15 0, L_0000025fc4688bf0;  1 drivers
v0000025fc4628830_0 .net *"_ivl_38", 15 0, L_0000025fc4688ab0;  1 drivers
v0000025fc4627bb0_0 .net *"_ivl_4", 15 0, L_0000025fc4687750;  1 drivers
v0000025fc4629730_0 .net *"_ivl_45", 15 0, L_0000025fc4688d30;  1 drivers
v0000025fc46286f0_0 .net *"_ivl_47", 15 0, L_0000025fc4688dd0;  1 drivers
v0000025fc4628bf0_0 .net *"_ivl_52", 15 0, L_0000025fc46affb0;  1 drivers
v0000025fc46285b0_0 .net *"_ivl_54", 15 0, L_0000025fc46b05f0;  1 drivers
v0000025fc4628f10_0 .net *"_ivl_59", 31 0, L_0000025fc46ae390;  1 drivers
L_0000025fc463b700 .functor BUFT 1, C4<0000000000000000>, C4<0>, C4<0>, C4<0>;
v0000025fc4629550_0 .net *"_ivl_62", 15 0, L_0000025fc463b700;  1 drivers
L_0000025fc463b748 .functor BUFT 1, C4<00000000000000000000000000000100>, C4<0>, C4<0>, C4<0>;
v0000025fc4627cf0_0 .net/2u *"_ivl_63", 31 0, L_0000025fc463b748;  1 drivers
v0000025fc4627d90_0 .net *"_ivl_65", 31 0, L_0000025fc46afdd0;  1 drivers
v0000025fc4628790_0 .net *"_ivl_67", 31 0, L_0000025fc46ae750;  1 drivers
L_0000025fc463b790 .functor BUFT 1, C4<0000000000000000>, C4<0>, C4<0>, C4<0>;
v0000025fc4629cd0_0 .net *"_ivl_70", 15 0, L_0000025fc463b790;  1 drivers
v0000025fc4627e30_0 .net *"_ivl_8", 15 0, L_0000025fc4687b10;  1 drivers
v0000025fc4629190_0 .var "acc_accumulate", 0 0;
v0000025fc46295f0_0 .var "acc_clear", 0 0;
v0000025fc4629690_0 .net/s "acc_val", 31 0, v0000025fc46259f0_0;  1 drivers
v0000025fc4628dd0_0 .net/s "act_out", 7 0, v0000025fc4627070_0;  1 drivers
v0000025fc462a090_0 .net "activation", 7 0, v0000025fc4609dd0_0;  alias, 1 drivers
v0000025fc4628fb0_0 .var/s "adder_sum", 31 0;
v0000025fc4627c50_0 .net "bias_addr", 15 0, v0000025fc46095b0_0;  alias, 1 drivers
v0000025fc4629d70_0 .var "bias_rd_addr", 15 0;
v0000025fc4629e10_0 .net/s "bias_rd_data", 7 0, v0000025fc460a190_0;  alias, 1 drivers
v0000025fc4629370_0 .net/s "biased_sum", 31 0, L_0000025fc46af150;  1 drivers
v0000025fc4628b50_0 .var "busy", 0 0;
v0000025fc4629b90_0 .var "chunk_offset", 15 0;
v0000025fc4628330_0 .net "clk", 0 0, v0000025fc4637af0_0;  alias, 1 drivers
v0000025fc4628650_0 .var "cur_weight_base", 15 0;
v0000025fc4627a70_0 .var "done", 0 0;
v0000025fc4628510_0 .var "error", 0 0;
v0000025fc4628c90_0 .net "input_addr", 15 0, v0000025fc46091f0_0;  alias, 1 drivers
v0000025fc4628470_0 .net "input_len", 15 0, v0000025fc460a5f0_0;  alias, 1 drivers
v0000025fc46288d0_0 .net "lanes_valid", 3 0, L_0000025fc46b0870;  1 drivers
v0000025fc4629c30_0 .net "last_chunk", 0 0, L_0000025fc46afc90;  1 drivers
v0000025fc4629050_0 .var "next_state", 3 0;
v0000025fc4628970_0 .var "out_idx", 15 0;
v0000025fc46281f0_0 .net "output_addr", 15 0, v0000025fc4609330_0;  alias, 1 drivers
v0000025fc4627ed0_0 .net "output_len", 15 0, v0000025fc46093d0_0;  alias, 1 drivers
v0000025fc4628290_0 .net "requant_m0", 31 0, v0000025fc46096f0_0;  alias, 1 drivers
v0000025fc46290f0_0 .net/s "requant_out", 7 0, L_0000025fc46ae7f0;  1 drivers
v0000025fc4629410_0 .net/s "requant_shift", 7 0, v0000025fc4609830_0;  alias, 1 drivers
v0000025fc46280b0_0 .net "rst_n", 0 0, v0000025fc46383b0_0;  alias, 1 drivers
v0000025fc4629a50_0 .net "spad_rd_addr_bus", 63 0, L_0000025fc4688c90;  alias, 1 drivers
v0000025fc4629f50_0 .net/s "spad_rd_data_bus", 31 0, L_0000025fc4682890;  alias, 1 drivers
v0000025fc4627f70_0 .net "spad_wr_addr", 15 0, v0000025fc4627110_0;  alias, 1 drivers
v0000025fc4628010_0 .net/s "spad_wr_data", 7 0, v0000025fc4626670_0;  alias, 1 drivers
v0000025fc4628a10_0 .net "spad_wr_en", 0 0, v0000025fc4626710_0;  alias, 1 drivers
v0000025fc4629af0_0 .net "start", 0 0, v0000025fc460a550_0;  alias, 1 drivers
v0000025fc4628ab0_0 .var "state", 3 0;
v0000025fc4629870_0 .var "wb_addr", 15 0;
v0000025fc4628150_0 .var/s "wb_data", 7 0;
v0000025fc46283d0_0 .var "wb_enable", 0 0;
v0000025fc46279d0_0 .net "weight_addr", 15 0, v0000025fc46098d0_0;  alias, 1 drivers
v0000025fc46297d0_0 .net "weight_rd_addr_bus", 63 0, L_0000025fc46af010;  alias, 1 drivers
v0000025fc4629eb0_0 .net/s "weight_rd_data_bus", 31 0, L_0000025fc4682ed0;  alias, 1 drivers
E_0000025fc453ac40/0 .event anyedge, v0000025fc4628ab0_0, v0000025fc4609330_0, v0000025fc4628970_0, v0000025fc4627070_0;
E_0000025fc453ac40/1 .event anyedge, v0000025fc46095b0_0, v0000025fc460a550_0, v0000025fc460a5f0_0, v0000025fc46093d0_0;
E_0000025fc453ac40/2 .event anyedge, v0000025fc4629c30_0;
E_0000025fc453ac40 .event/or E_0000025fc453ac40/0, E_0000025fc453ac40/1, E_0000025fc453ac40/2;
E_0000025fc453acc0 .event anyedge, v0000025fc46288d0_0, v0000025fc4629f50_0, v0000025fc4629eb0_0;
L_0000025fc46876b0 .arith/sum 16, v0000025fc46091f0_0, v0000025fc4629b90_0;
L_0000025fc463b160 .functor BUFT 1, C4<0000000000000000>, C4<0>, C4<0>, C4<0>;
L_0000025fc4687750 .arith/sum 16, L_0000025fc46876b0, L_0000025fc463b160;
L_0000025fc4687b10 .arith/sum 16, v0000025fc4628650_0, v0000025fc4629b90_0;
L_0000025fc463b1a8 .functor BUFT 1, C4<0000000000000000>, C4<0>, C4<0>, C4<0>;
L_0000025fc46865d0 .arith/sum 16, L_0000025fc4687b10, L_0000025fc463b1a8;
L_0000025fc4688010 .arith/sum 16, v0000025fc46091f0_0, v0000025fc4629b90_0;
L_0000025fc463b2c8 .functor BUFT 1, C4<0000000000000001>, C4<0>, C4<0>, C4<0>;
L_0000025fc4688470 .arith/sum 16, L_0000025fc4688010, L_0000025fc463b2c8;
L_0000025fc46880b0 .arith/sum 16, v0000025fc4628650_0, v0000025fc4629b90_0;
L_0000025fc463b310 .functor BUFT 1, C4<0000000000000001>, C4<0>, C4<0>, C4<0>;
L_0000025fc4688150 .arith/sum 16, L_0000025fc46880b0, L_0000025fc463b310;
L_0000025fc4688f10 .arith/sum 16, v0000025fc46091f0_0, v0000025fc4629b90_0;
L_0000025fc463b430 .functor BUFT 1, C4<0000000000000010>, C4<0>, C4<0>, C4<0>;
L_0000025fc4688e70 .arith/sum 16, L_0000025fc4688f10, L_0000025fc463b430;
L_0000025fc4688bf0 .arith/sum 16, v0000025fc4628650_0, v0000025fc4629b90_0;
L_0000025fc463b478 .functor BUFT 1, C4<0000000000000010>, C4<0>, C4<0>, C4<0>;
L_0000025fc4688ab0 .arith/sum 16, L_0000025fc4688bf0, L_0000025fc463b478;
L_0000025fc4688c90 .concat8 [ 16 16 16 16], L_0000025fc4687750, L_0000025fc4688470, L_0000025fc4688e70, L_0000025fc4688dd0;
L_0000025fc4688d30 .arith/sum 16, v0000025fc46091f0_0, v0000025fc4629b90_0;
L_0000025fc463b598 .functor BUFT 1, C4<0000000000000011>, C4<0>, C4<0>, C4<0>;
L_0000025fc4688dd0 .arith/sum 16, L_0000025fc4688d30, L_0000025fc463b598;
L_0000025fc46af010 .concat8 [ 16 16 16 16], L_0000025fc46865d0, L_0000025fc4688150, L_0000025fc4688ab0, L_0000025fc46b05f0;
L_0000025fc46affb0 .arith/sum 16, v0000025fc4628650_0, v0000025fc4629b90_0;
L_0000025fc463b5e0 .functor BUFT 1, C4<0000000000000011>, C4<0>, C4<0>, C4<0>;
L_0000025fc46b05f0 .arith/sum 16, L_0000025fc46affb0, L_0000025fc463b5e0;
L_0000025fc46b0870 .concat8 [ 1 1 1 1], L_0000025fc4687e30, L_0000025fc4688a10, L_0000025fc4688b50, L_0000025fc46af970;
L_0000025fc46ae390 .concat [ 16 16 0 0], v0000025fc4629b90_0, L_0000025fc463b700;
L_0000025fc46afdd0 .arith/sum 32, L_0000025fc46ae390, L_0000025fc463b748;
L_0000025fc46ae750 .concat [ 16 16 0 0], v0000025fc460a5f0_0, L_0000025fc463b790;
L_0000025fc46afc90 .cmp/ge 32, L_0000025fc46afdd0, L_0000025fc46ae750;
S_0000025fc46074f0 .scope begin, "$ivl_for_loop0" "$ivl_for_loop0" 11 104, 11 104 0, S_0000025fc46066e0;
 .timescale -9 -12;
v0000025fc4624960_0 .var/2s "lane", 31 0;
S_0000025fc4606b90 .scope generate, "g_lane_addr[0]" "g_lane_addr[0]" 11 93, 11 93 0, S_0000025fc46066e0;
 .timescale -9 -12;
P_0000025fc453b180 .param/l "lane" 0 11 93, +C4<00>;
v0000025fc4623f60_0 .net/2u *"_ivl_0", 15 0, L_0000025fc463b160;  1 drivers
v0000025fc4623a60_0 .net *"_ivl_10", 17 0, L_0000025fc4686670;  1 drivers
v0000025fc4624000_0 .net *"_ivl_12", 17 0, L_0000025fc4687cf0;  1 drivers
L_0000025fc463b280 .functor BUFT 1, C4<00>, C4<0>, C4<0>, C4<0>;
v0000025fc4624320_0 .net *"_ivl_15", 1 0, L_0000025fc463b280;  1 drivers
v0000025fc46240a0_0 .net *"_ivl_16", 0 0, L_0000025fc4687e30;  1 drivers
v0000025fc4624aa0_0 .net/2u *"_ivl_2", 15 0, L_0000025fc463b1a8;  1 drivers
v0000025fc4624140_0 .net *"_ivl_4", 17 0, L_0000025fc4687c50;  1 drivers
L_0000025fc463b1f0 .functor BUFT 1, C4<00>, C4<0>, C4<0>, C4<0>;
v0000025fc4623920_0 .net *"_ivl_7", 1 0, L_0000025fc463b1f0;  1 drivers
L_0000025fc463b238 .functor BUFT 1, C4<000000000000000000>, C4<0>, C4<0>, C4<0>;
v0000025fc4624be0_0 .net/2u *"_ivl_8", 17 0, L_0000025fc463b238;  1 drivers
L_0000025fc4687c50 .concat [ 16 2 0 0], v0000025fc4629b90_0, L_0000025fc463b1f0;
L_0000025fc4686670 .arith/sum 18, L_0000025fc4687c50, L_0000025fc463b238;
L_0000025fc4687cf0 .concat [ 16 2 0 0], v0000025fc460a5f0_0, L_0000025fc463b280;
L_0000025fc4687e30 .cmp/gt 18, L_0000025fc4687cf0, L_0000025fc4686670;
S_0000025fc4606d20 .scope generate, "g_lane_addr[1]" "g_lane_addr[1]" 11 93, 11 93 0, S_0000025fc46066e0;
 .timescale -9 -12;
P_0000025fc453b1c0 .param/l "lane" 0 11 93, +C4<01>;
v0000025fc4623c40_0 .net/2u *"_ivl_0", 15 0, L_0000025fc463b2c8;  1 drivers
v0000025fc4624a00_0 .net *"_ivl_10", 17 0, L_0000025fc4688330;  1 drivers
v0000025fc4624e60_0 .net *"_ivl_12", 17 0, L_0000025fc46883d0;  1 drivers
L_0000025fc463b3e8 .functor BUFT 1, C4<00>, C4<0>, C4<0>, C4<0>;
v0000025fc46239c0_0 .net *"_ivl_15", 1 0, L_0000025fc463b3e8;  1 drivers
v0000025fc4624820_0 .net *"_ivl_16", 0 0, L_0000025fc4688a10;  1 drivers
v0000025fc4623d80_0 .net/2u *"_ivl_2", 15 0, L_0000025fc463b310;  1 drivers
v0000025fc4623ba0_0 .net *"_ivl_4", 17 0, L_0000025fc4688290;  1 drivers
L_0000025fc463b358 .functor BUFT 1, C4<00>, C4<0>, C4<0>, C4<0>;
v0000025fc4623ce0_0 .net *"_ivl_7", 1 0, L_0000025fc463b358;  1 drivers
L_0000025fc463b3a0 .functor BUFT 1, C4<000000000000000001>, C4<0>, C4<0>, C4<0>;
v0000025fc4624460_0 .net/2u *"_ivl_8", 17 0, L_0000025fc463b3a0;  1 drivers
L_0000025fc4688290 .concat [ 16 2 0 0], v0000025fc4629b90_0, L_0000025fc463b358;
L_0000025fc4688330 .arith/sum 18, L_0000025fc4688290, L_0000025fc463b3a0;
L_0000025fc46883d0 .concat [ 16 2 0 0], v0000025fc460a5f0_0, L_0000025fc463b3e8;
L_0000025fc4688a10 .cmp/gt 18, L_0000025fc46883d0, L_0000025fc4688330;
S_0000025fc4606eb0 .scope generate, "g_lane_addr[2]" "g_lane_addr[2]" 11 93, 11 93 0, S_0000025fc46066e0;
 .timescale -9 -12;
P_0000025fc453ad40 .param/l "lane" 0 11 93, +C4<010>;
v0000025fc4623ec0_0 .net/2u *"_ivl_0", 15 0, L_0000025fc463b430;  1 drivers
v0000025fc4624d20_0 .net *"_ivl_10", 17 0, L_0000025fc4689050;  1 drivers
v0000025fc4624500_0 .net *"_ivl_12", 17 0, L_0000025fc4688970;  1 drivers
L_0000025fc463b550 .functor BUFT 1, C4<00>, C4<0>, C4<0>, C4<0>;
v0000025fc46245a0_0 .net *"_ivl_15", 1 0, L_0000025fc463b550;  1 drivers
v0000025fc4624fa0_0 .net *"_ivl_16", 0 0, L_0000025fc4688b50;  1 drivers
v0000025fc4623e20_0 .net/2u *"_ivl_2", 15 0, L_0000025fc463b478;  1 drivers
v0000025fc4624640_0 .net *"_ivl_4", 17 0, L_0000025fc4688fb0;  1 drivers
L_0000025fc463b4c0 .functor BUFT 1, C4<00>, C4<0>, C4<0>, C4<0>;
v0000025fc46246e0_0 .net *"_ivl_7", 1 0, L_0000025fc463b4c0;  1 drivers
L_0000025fc463b508 .functor BUFT 1, C4<000000000000000010>, C4<0>, C4<0>, C4<0>;
v0000025fc46248c0_0 .net/2u *"_ivl_8", 17 0, L_0000025fc463b508;  1 drivers
L_0000025fc4688fb0 .concat [ 16 2 0 0], v0000025fc4629b90_0, L_0000025fc463b4c0;
L_0000025fc4689050 .arith/sum 18, L_0000025fc4688fb0, L_0000025fc463b508;
L_0000025fc4688970 .concat [ 16 2 0 0], v0000025fc460a5f0_0, L_0000025fc463b550;
L_0000025fc4688b50 .cmp/gt 18, L_0000025fc4688970, L_0000025fc4689050;
S_0000025fc4607680 .scope generate, "g_lane_addr[3]" "g_lane_addr[3]" 11 93, 11 93 0, S_0000025fc46066e0;
 .timescale -9 -12;
P_0000025fc453ae00 .param/l "lane" 0 11 93, +C4<011>;
v0000025fc4624b40_0 .net/2u *"_ivl_0", 15 0, L_0000025fc463b598;  1 drivers
v0000025fc4624c80_0 .net *"_ivl_10", 17 0, L_0000025fc46ae610;  1 drivers
v0000025fc4624f00_0 .net *"_ivl_12", 17 0, L_0000025fc46aef70;  1 drivers
L_0000025fc463b6b8 .functor BUFT 1, C4<00>, C4<0>, C4<0>, C4<0>;
v0000025fc4625e50_0 .net *"_ivl_15", 1 0, L_0000025fc463b6b8;  1 drivers
v0000025fc4626c10_0 .net *"_ivl_16", 0 0, L_0000025fc46af970;  1 drivers
v0000025fc4626a30_0 .net/2u *"_ivl_2", 15 0, L_0000025fc463b5e0;  1 drivers
v0000025fc46274d0_0 .net *"_ivl_4", 17 0, L_0000025fc46aff10;  1 drivers
L_0000025fc463b628 .functor BUFT 1, C4<00>, C4<0>, C4<0>, C4<0>;
v0000025fc46254f0_0 .net *"_ivl_7", 1 0, L_0000025fc463b628;  1 drivers
L_0000025fc463b670 .functor BUFT 1, C4<000000000000000011>, C4<0>, C4<0>, C4<0>;
v0000025fc4626170_0 .net/2u *"_ivl_8", 17 0, L_0000025fc463b670;  1 drivers
L_0000025fc46aff10 .concat [ 16 2 0 0], v0000025fc4629b90_0, L_0000025fc463b628;
L_0000025fc46ae610 .arith/sum 18, L_0000025fc46aff10, L_0000025fc463b670;
L_0000025fc46aef70 .concat [ 16 2 0 0], v0000025fc460a5f0_0, L_0000025fc463b6b8;
L_0000025fc46af970 .cmp/gt 18, L_0000025fc46aef70, L_0000025fc46ae610;
S_0000025fc46060a0 .scope module, "u_accumulator" "accumulator" 11 113, 12 9 0, S_0000025fc46066e0;
 .timescale -9 -12;
    .port_info 0 /INPUT 1 "clk";
    .port_info 1 /INPUT 1 "rst_n";
    .port_info 2 /INPUT 1 "clear";
    .port_info 3 /INPUT 1 "accumulate";
    .port_info 4 /INPUT 32 "sum_in";
    .port_info 5 /OUTPUT 32 "acc_out";
P_0000025fc453af00 .param/l "ACC_WIDTH" 0 12 10, +C4<00000000000000000000000000100000>;
v0000025fc4627610_0 .net/s "acc_out", 31 0, v0000025fc46259f0_0;  alias, 1 drivers
v0000025fc46259f0_0 .var/s "acc_reg", 31 0;
v0000025fc4627750_0 .net "accumulate", 0 0, v0000025fc4629190_0;  1 drivers
v0000025fc46267b0_0 .net "clear", 0 0, v0000025fc46295f0_0;  1 drivers
v0000025fc4625db0_0 .net "clk", 0 0, v0000025fc4637af0_0;  alias, 1 drivers
v0000025fc4627250_0 .net "rst_n", 0 0, v0000025fc46383b0_0;  alias, 1 drivers
v0000025fc46262b0_0 .net/s "sum_in", 31 0, v0000025fc4628fb0_0;  1 drivers
S_0000025fc4607810 .scope module, "u_activation" "activation_unit" 11 144, 13 10 0, S_0000025fc46066e0;
 .timescale -9 -12;
    .port_info 0 /INPUT 8 "act_type";
    .port_info 1 /INPUT 8 "data_in";
    .port_info 2 /OUTPUT 8 "data_out";
P_0000025fc453a480 .param/l "RELU6_MAX" 0 13 11, +C4<00000000000000000000000001111111>;
L_0000025fc463b8f8 .functor BUFT 1, C4<10000000>, C4<0>, C4<0>, C4<0>;
v0000025fc4626cb0_0 .net/2u *"_ivl_0", 7 0, L_0000025fc463b8f8;  1 drivers
v0000025fc4625590_0 .net "act_type", 7 0, v0000025fc4609dd0_0;  alias, 1 drivers
v0000025fc46272f0_0 .net/s "data_in", 7 0, L_0000025fc46ae7f0;  alias, 1 drivers
v0000025fc4627070_0 .var/s "data_out", 7 0;
v0000025fc4625b30_0 .net "index", 7 0, L_0000025fc46b02d0;  1 drivers
E_0000025fc453bcc0 .event anyedge, v0000025fc4609dd0_0, v0000025fc46272f0_0;
L_0000025fc46b02d0 .arith/sum 8, L_0000025fc46ae7f0, L_0000025fc463b8f8;
S_0000025fc4606550 .scope autofunction.vec4.u8, "sigmoid_approx" "sigmoid_approx" 13 69, 13 69 0, S_0000025fc4607810;
 .timescale -9 -12;
v0000025fc4626350_0 .var/i "scaled", 31 0;
; Variable sigmoid_approx is vec4 return value of scope S_0000025fc4606550
v0000025fc4625a90_0 .var/s "value", 7 0;
TD_tb_flow.dut.u_dense_engine.u_activation.sigmoid_approx ;
    %load/vec4 v0000025fc4625a90_0;
    %cmpi/s 160, 0, 8;
    %flag_or 5, 4;
    %jmp/0xz  T_1.4, 5;
    %pushi/vec4 0, 0, 8;
    %ret/vec4 0, 0, 8;  Assign to sigmoid_approx (store_vec4_to_lval)
    %jmp T_1.5;
T_1.4 ;
    %load/vec4 v0000025fc4625a90_0;
    %cmpi/s 96, 0, 8;
    %flag_inv 5; GE is !LT
    %jmp/0xz  T_1.6, 5;
    %pushi/vec4 127, 0, 8;
    %ret/vec4 0, 0, 8;  Assign to sigmoid_approx (store_vec4_to_lval)
    %jmp T_1.7;
T_1.6 ;
    %load/vec4 v0000025fc4625a90_0;
    %pad/s 32;
    %addi 96, 0, 32;
    %muli 127, 0, 32;
    %pushi/vec4 192, 0, 32;
    %div/s;
    %store/vec4 v0000025fc4626350_0, 0, 32;
    %load/vec4 v0000025fc4626350_0;
    %parti/s 8, 0, 2;
    %ret/vec4 0, 0, 8;  Assign to sigmoid_approx (store_vec4_to_lval)
T_1.7 ;
T_1.5 ;
    %end;
S_0000025fc460e200 .scope autofunction.vec4.u8, "tanh_approx" "tanh_approx" 13 85, 13 85 0, S_0000025fc4607810;
 .timescale -9 -12;
; Variable tanh_approx is vec4 return value of scope S_0000025fc460e200
v0000025fc4626f30_0 .var/s "value", 7 0;
TD_tb_flow.dut.u_dense_engine.u_activation.tanh_approx ;
    %load/vec4 v0000025fc4626f30_0;
    %cmpi/s 192, 0, 8;
    %flag_or 5, 4;
    %jmp/0xz  T_2.8, 5;
    %pushi/vec4 129, 0, 8;
    %ret/vec4 0, 0, 8;  Assign to tanh_approx (store_vec4_to_lval)
    %jmp T_2.9;
T_2.8 ;
    %load/vec4 v0000025fc4626f30_0;
    %cmpi/s 64, 0, 8;
    %flag_inv 5; GE is !LT
    %jmp/0xz  T_2.10, 5;
    %pushi/vec4 127, 0, 8;
    %ret/vec4 0, 0, 8;  Assign to tanh_approx (store_vec4_to_lval)
    %jmp T_2.11;
T_2.10 ;
    %load/vec4 v0000025fc4626f30_0;
    %ix/load 4, 1, 0;
    %flag_set/imm 4, 0;
    %shiftl 4;
    %ret/vec4 0, 0, 8;  Assign to tanh_approx (store_vec4_to_lval)
T_2.11 ;
T_2.9 ;
    %end;
S_0000025fc460e520 .scope module, "u_bias_adder" "bias_adder" 11 125, 14 8 0, S_0000025fc46066e0;
 .timescale -9 -12;
    .port_info 0 /INPUT 32 "acc_in";
    .port_info 1 /INPUT 8 "bias_in";
    .port_info 2 /OUTPUT 32 "sum_out";
P_0000025fc453c480 .param/l "ACC_WIDTH" 0 14 9, +C4<00000000000000000000000000100000>;
v0000025fc4625bd0_0 .net *"_ivl_1", 0 0, L_0000025fc46aed90;  1 drivers
v0000025fc4625450_0 .net *"_ivl_2", 23 0, L_0000025fc46afd30;  1 drivers
v0000025fc4625c70_0 .net *"_ivl_4", 31 0, L_0000025fc46afe70;  1 drivers
v0000025fc46263f0_0 .net/s "acc_in", 31 0, v0000025fc46259f0_0;  alias, 1 drivers
v0000025fc4625130_0 .net/s "bias_in", 7 0, v0000025fc460a190_0;  alias, 1 drivers
v0000025fc46251d0_0 .net/s "sum_out", 31 0, L_0000025fc46af150;  alias, 1 drivers
L_0000025fc46aed90 .part v0000025fc460a190_0, 7, 1;
LS_0000025fc46afd30_0_0 .concat [ 1 1 1 1], L_0000025fc46aed90, L_0000025fc46aed90, L_0000025fc46aed90, L_0000025fc46aed90;
LS_0000025fc46afd30_0_4 .concat [ 1 1 1 1], L_0000025fc46aed90, L_0000025fc46aed90, L_0000025fc46aed90, L_0000025fc46aed90;
LS_0000025fc46afd30_0_8 .concat [ 1 1 1 1], L_0000025fc46aed90, L_0000025fc46aed90, L_0000025fc46aed90, L_0000025fc46aed90;
LS_0000025fc46afd30_0_12 .concat [ 1 1 1 1], L_0000025fc46aed90, L_0000025fc46aed90, L_0000025fc46aed90, L_0000025fc46aed90;
LS_0000025fc46afd30_0_16 .concat [ 1 1 1 1], L_0000025fc46aed90, L_0000025fc46aed90, L_0000025fc46aed90, L_0000025fc46aed90;
LS_0000025fc46afd30_0_20 .concat [ 1 1 1 1], L_0000025fc46aed90, L_0000025fc46aed90, L_0000025fc46aed90, L_0000025fc46aed90;
LS_0000025fc46afd30_1_0 .concat [ 4 4 4 4], LS_0000025fc46afd30_0_0, LS_0000025fc46afd30_0_4, LS_0000025fc46afd30_0_8, LS_0000025fc46afd30_0_12;
LS_0000025fc46afd30_1_4 .concat [ 4 4 0 0], LS_0000025fc46afd30_0_16, LS_0000025fc46afd30_0_20;
L_0000025fc46afd30 .concat [ 16 8 0 0], LS_0000025fc46afd30_1_0, LS_0000025fc46afd30_1_4;
L_0000025fc46afe70 .concat [ 8 24 0 0], v0000025fc460a190_0, L_0000025fc46afd30;
L_0000025fc46af150 .arith/sum 32, v0000025fc46259f0_0, L_0000025fc46afe70;
S_0000025fc460d260 .scope module, "u_requantizer" "requantizer_runtime" 11 134, 15 2 0, S_0000025fc46066e0;
 .timescale -9 -12;
    .port_info 0 /INPUT 32 "acc_in";
    .port_info 1 /INPUT 32 "m0";
    .port_info 2 /INPUT 8 "shift_n";
    .port_info 3 /OUTPUT 8 "val_out";
P_0000025fc453c640 .param/l "ACC_WIDTH" 0 15 2, +C4<00000000000000000000000000100000>;
v0000025fc4625f90_0 .net *"_ivl_10", 0 0, L_0000025fc46b0050;  1 drivers
L_0000025fc463b8b0 .functor BUFT 1, C4<10000000>, C4<0>, C4<0>, C4<0>;
v0000025fc4625270_0 .net/2u *"_ivl_12", 7 0, L_0000025fc463b8b0;  1 drivers
v0000025fc4626b70_0 .net *"_ivl_15", 7 0, L_0000025fc46af3d0;  1 drivers
v0000025fc4626d50_0 .net *"_ivl_16", 7 0, L_0000025fc46b0410;  1 drivers
L_0000025fc463b7d8 .functor BUFT 1, C4<0000000000000000000000000000000000000000000000000000000001111111>, C4<0>, C4<0>, C4<0>;
v0000025fc4625770_0 .net/2s *"_ivl_2", 63 0, L_0000025fc463b7d8;  1 drivers
v0000025fc4625310_0 .net *"_ivl_4", 0 0, L_0000025fc46aee30;  1 drivers
L_0000025fc463b820 .functor BUFT 1, C4<01111111>, C4<0>, C4<0>, C4<0>;
v0000025fc4626030_0 .net/2u *"_ivl_6", 7 0, L_0000025fc463b820;  1 drivers
L_0000025fc463b868 .functor BUFT 1, C4<1111111111111111111111111111111111111111111111111111111110000000>, C4<0>, C4<0>, C4<0>;
v0000025fc4625950_0 .net/2s *"_ivl_8", 63 0, L_0000025fc463b868;  1 drivers
v0000025fc4626530_0 .net/s "acc_in", 31 0, L_0000025fc46af150;  alias, 1 drivers
v0000025fc46258b0_0 .net "m0", 31 0, v0000025fc46096f0_0;  alias, 1 drivers
v0000025fc46260d0_0 .net/s "scaled", 63 0, L_0000025fc46b04b0;  1 drivers
v0000025fc4626210_0 .net/s "shift_n", 7 0, v0000025fc4609830_0;  alias, 1 drivers
v0000025fc46268f0_0 .net/s "val_out", 7 0, L_0000025fc46ae7f0;  alias, 1 drivers
L_0000025fc46b04b0 .ufunc/vec4 TD_tb_flow.dut.u_dense_engine.u_requantizer.do_scale, 64, L_0000025fc46af150, v0000025fc46096f0_0, v0000025fc4609830_0 (v0000025fc4627390_0, v0000025fc4625d10_0, v0000025fc46277f0_0) S_0000025fc460da30;
L_0000025fc46aee30 .cmp/gt.s 64, L_0000025fc46b04b0, L_0000025fc463b7d8;
L_0000025fc46b0050 .cmp/gt.s 64, L_0000025fc463b868, L_0000025fc46b04b0;
L_0000025fc46af3d0 .part L_0000025fc46b04b0, 0, 8;
L_0000025fc46b0410 .functor MUXZ 8, L_0000025fc46af3d0, L_0000025fc463b8b0, L_0000025fc46b0050, C4<>;
L_0000025fc46ae7f0 .functor MUXZ 8, L_0000025fc46b0410, L_0000025fc463b820, L_0000025fc46aee30, C4<>;
S_0000025fc460da30 .scope autofunction.vec4.u64, "do_scale" "do_scale" 15 9, 15 9 0, S_0000025fc460d260;
 .timescale -9 -12;
v0000025fc4627390_0 .var/s "acc", 31 0;
; Variable do_scale is vec4 return value of scope S_0000025fc460da30
v0000025fc4625d10_0 .var "m", 31 0;
v0000025fc4626ad0_0 .var/s "prod", 63 0;
v0000025fc46277f0_0 .var/s "sh", 7 0;
v0000025fc4625ef0_0 .var/2s "total_sh", 31 0;
TD_tb_flow.dut.u_dense_engine.u_requantizer.do_scale ;
    %load/vec4 v0000025fc4627390_0;
    %pad/s 64;
    %pushi/vec4 0, 0, 1;
    %load/vec4 v0000025fc4625d10_0;
    %parti/s 31, 0, 2;
    %concat/vec4; draw_concat_vec4
    %pad/s 64;
    %mul;
    %store/vec4 v0000025fc4626ad0_0, 0, 64;
    %pushi/vec4 31, 0, 32;
    %load/vec4 v0000025fc46277f0_0;
    %pad/s 32;
    %cast2;
    %add;
    %cast2;
    %store/vec4 v0000025fc4625ef0_0, 0, 32;
    %load/vec4 v0000025fc4625d10_0;
    %cmpi/e 0, 0, 32;
    %jmp/0xz  T_3.12, 4;
    %pushi/vec4 0, 0, 64;
    %ret/vec4 0, 0, 64;  Assign to do_scale (store_vec4_to_lval)
    %jmp T_3.13;
T_3.12 ;
    %load/vec4 v0000025fc4625ef0_0;
    %cmpi/s 0, 0, 32;
    %flag_or 5, 4; GT is !LE
    %flag_inv 5;
    %jmp/0xz  T_3.14, 5;
    %load/vec4 v0000025fc4626ad0_0;
    %pushi/vec4 1, 0, 64;
    %load/vec4 v0000025fc4625ef0_0;
    %subi 1, 0, 32;
    %ix/vec4 4;
    %shiftl 4;
    %add;
    %load/vec4 v0000025fc4625ef0_0;
    %ix/vec4 4;
    %shiftr/s 4;
    %ret/vec4 0, 0, 64;  Assign to do_scale (store_vec4_to_lval)
    %jmp T_3.15;
T_3.14 ;
    %load/vec4 v0000025fc4625ef0_0;
    %cmpi/e 0, 0, 32;
    %jmp/0xz  T_3.16, 4;
    %load/vec4 v0000025fc4626ad0_0;
    %ret/vec4 0, 0, 64;  Assign to do_scale (store_vec4_to_lval)
    %jmp T_3.17;
T_3.16 ;
    %load/vec4 v0000025fc4626ad0_0;
    %load/vec4 v0000025fc4625ef0_0;
    %inv;
    %pushi/vec4 1, 0, 32;
    %add;
    %ix/vec4 4;
    %shiftl 4;
    %ret/vec4 0, 0, 64;  Assign to do_scale (store_vec4_to_lval)
T_3.17 ;
T_3.15 ;
T_3.13 ;
    %end;
S_0000025fc460e390 .scope module, "u_writeback" "writeback_unit" 11 151, 16 8 0, S_0000025fc46066e0;
 .timescale -9 -12;
    .port_info 0 /INPUT 1 "clk";
    .port_info 1 /INPUT 1 "rst_n";
    .port_info 2 /INPUT 1 "write_enable";
    .port_info 3 /INPUT 16 "write_addr";
    .port_info 4 /INPUT 8 "write_data";
    .port_info 5 /OUTPUT 1 "spad_wr_en";
    .port_info 6 /OUTPUT 16 "spad_wr_addr";
    .port_info 7 /OUTPUT 8 "spad_wr_data";
v0000025fc46265d0_0 .net "clk", 0 0, v0000025fc4637af0_0;  alias, 1 drivers
v0000025fc4627570_0 .net "rst_n", 0 0, v0000025fc46383b0_0;  alias, 1 drivers
v0000025fc4627110_0 .var "spad_wr_addr", 15 0;
v0000025fc4626670_0 .var/s "spad_wr_data", 7 0;
v0000025fc4626710_0 .var "spad_wr_en", 0 0;
v0000025fc4626990_0 .net "write_addr", 15 0, v0000025fc4629870_0;  1 drivers
v0000025fc46271b0_0 .net/s "write_data", 7 0, v0000025fc4628150_0;  1 drivers
v0000025fc46276b0_0 .net "write_enable", 0 0, v0000025fc46283d0_0;  1 drivers
S_0000025fc460cf40 .scope module, "u_fetch" "instruction_fetch" 5 171, 17 37 0, S_0000025fc4409f20;
 .timescale -9 -12;
    .port_info 0 /INPUT 1 "clk";
    .port_info 1 /INPUT 1 "rst_n";
    .port_info 2 /INPUT 1 "fetch_start";
    .port_info 3 /OUTPUT 1 "instr_valid";
    .port_info 4 /OUTPUT 1 "fetch_error";
    .port_info 5 /INPUT 16 "pc_in";
    .port_info 6 /OUTPUT 32 "w0";
    .port_info 7 /OUTPUT 32 "w1";
    .port_info 8 /OUTPUT 32 "w2";
    .port_info 9 /OUTPUT 32 "w3";
    .port_info 10 /OUTPUT 32 "w4";
    .port_info 11 /OUTPUT 16 "next_pc";
    .port_info 12 /OUTPUT 1 "imem_rd_en";
    .port_info 13 /OUTPUT 16 "imem_rd_addr";
    .port_info 14 /INPUT 32 "imem_rd_data";
enum0000025fc448cd20 .enum4 (3)
   "ST_IDLE" 3'b000,
   "ST_WAIT_HDR_MEM" 3'b001,
   "ST_WAIT_HDR" 3'b010,
   "ST_WAIT_OP" 3'b011,
   "ST_CAPTURE_OP" 3'b100
 ;
v0000025fc4629ff0_0 .net "clk", 0 0, v0000025fc4637af0_0;  alias, 1 drivers
v0000025fc4628e70_0 .var "current_op_idx", 2 0;
v0000025fc4629230_0 .var "fetch_error", 0 0;
v0000025fc4627930_0 .net "fetch_start", 0 0, v0000025fc4607fd0_0;  alias, 1 drivers
v0000025fc46292d0_0 .var "imem_rd_addr", 15 0;
v0000025fc4629910_0 .net "imem_rd_data", 31 0, v0000025fc462c430_0;  alias, 1 drivers
v0000025fc46299b0_0 .var "imem_rd_en", 0 0;
v0000025fc4627b10_0 .var "instr_valid", 0 0;
v0000025fc462a450_0 .var "next_pc", 15 0;
v0000025fc462ac70_0 .net "pc_in", 15 0, v0000025fc4633450_0;  alias, 1 drivers
v0000025fc462b850_0 .net "rst_n", 0 0, v0000025fc46383b0_0;  alias, 1 drivers
v0000025fc462b2b0_0 .var "state", 2 0;
v0000025fc462a130_0 .var "total_words", 15 0;
v0000025fc462c390_0 .var "w0", 31 0;
v0000025fc462ab30_0 .var "w1", 31 0;
v0000025fc462c1b0_0 .var "w2", 31 0;
v0000025fc462ad10_0 .var "w3", 31 0;
v0000025fc462b030_0 .var "w4", 31 0;
S_0000025fc460e6b0 .scope begin, "$unm_blk_15" "$unm_blk_15" 17 135, 17 135 0, S_0000025fc460cf40;
 .timescale -9 -12;
v0000025fc4628d30_0 .var "calculated_words", 15 0;
S_0000025fc460e840 .scope module, "u_hmem" "host_data_memory" 5 433, 18 12 0, S_0000025fc4409f20;
 .timescale -9 -12;
    .port_info 0 /INPUT 1 "clk";
    .port_info 1 /INPUT 1 "rst_n";
    .port_info 2 /INPUT 1 "a_rd_en";
    .port_info 3 /INPUT 12 "a_rd_addr";
    .port_info 4 /OUTPUT 8 "a_rd_data";
    .port_info 5 /INPUT 1 "a_wr_en";
    .port_info 6 /INPUT 12 "a_wr_addr";
    .port_info 7 /INPUT 8 "a_wr_data";
    .port_info 8 /INPUT 1 "b_rd_en";
    .port_info 9 /INPUT 12 "b_rd_addr";
    .port_info 10 /OUTPUT 8 "b_rd_data";
    .port_info 11 /INPUT 1 "b_wr_en";
    .port_info 12 /INPUT 12 "b_wr_addr";
    .port_info 13 /INPUT 8 "b_wr_data";
P_0000025fc453c8c0 .param/l "DEPTH" 0 18 13, C4<00000000000000000001000000000000>;
v0000025fc462abd0_0 .net "a_rd_addr", 11 0, L_0000025fc4687a70;  1 drivers
v0000025fc462aa90_0 .var/s "a_rd_data", 7 0;
v0000025fc462b8f0_0 .net "a_rd_en", 0 0, v0000025fc4609f10_0;  alias, 1 drivers
L_0000025fc463b940 .functor BUFT 1, C4<000000000000>, C4<0>, C4<0>, C4<0>;
v0000025fc462adb0_0 .net "a_wr_addr", 11 0, L_0000025fc463b940;  1 drivers
L_0000025fc463b118 .functor BUFT 1, C4<00000000>, C4<0>, C4<0>, C4<0>;
v0000025fc462b990_0 .net/s "a_wr_data", 7 0, L_0000025fc463b118;  1 drivers
L_0000025fc463b0d0 .functor BUFT 1, C4<0>, C4<0>, C4<0>, C4<0>;
v0000025fc462c250_0 .net "a_wr_en", 0 0, L_0000025fc463b0d0;  1 drivers
v0000025fc462b0d0_0 .net "b_rd_addr", 11 0, L_0000025fc4686e90;  alias, 1 drivers
v0000025fc462c070_0 .var/s "b_rd_data", 7 0;
v0000025fc462a6d0_0 .net "b_rd_en", 0 0, L_0000025fc4572f90;  alias, 1 drivers
v0000025fc462a770_0 .net "b_wr_addr", 11 0, L_0000025fc46871b0;  alias, 1 drivers
v0000025fc462a310_0 .net/s "b_wr_data", 7 0, L_0000025fc4572c10;  alias, 1 drivers
v0000025fc462ba30_0 .net "b_wr_en", 0 0, L_0000025fc4572f20;  alias, 1 drivers
v0000025fc462c6b0_0 .net "clk", 0 0, v0000025fc4637af0_0;  alias, 1 drivers
v0000025fc462b170 .array/s "mem", 4095 0, 7 0;
v0000025fc462a810_0 .net "rst_n", 0 0, v0000025fc46383b0_0;  alias, 1 drivers
S_0000025fc460e9d0 .scope module, "u_imem" "instruction_memory" 5 318, 19 27 0, S_0000025fc4409f20;
 .timescale -9 -12;
    .port_info 0 /INPUT 1 "clk";
    .port_info 1 /INPUT 1 "rst_n";
    .port_info 2 /INPUT 1 "rd_en";
    .port_info 3 /INPUT 10 "rd_addr";
    .port_info 4 /OUTPUT 32 "rd_data";
    .port_info 5 /INPUT 1 "wr_en";
    .port_info 6 /INPUT 10 "wr_addr";
    .port_info 7 /INPUT 32 "wr_data";
P_0000025fc453de00 .param/l "DEPTH" 0 19 28, C4<00000000000000000000010000000000>;
v0000025fc462a4f0_0 .net "clk", 0 0, v0000025fc4637af0_0;  alias, 1 drivers
v0000025fc462aef0 .array "mem", 1023 0, 31 0;
v0000025fc462a1d0_0 .net "rd_addr", 9 0, L_0000025fc4687930;  alias, 1 drivers
v0000025fc462c430_0 .var "rd_data", 31 0;
v0000025fc462ae50_0 .net "rd_en", 0 0, L_0000025fc4687570;  alias, 1 drivers
v0000025fc462bc10_0 .net "rst_n", 0 0, v0000025fc46383b0_0;  alias, 1 drivers
v0000025fc462c4d0_0 .net "wr_addr", 9 0, L_0000025fc46868f0;  alias, 1 drivers
v0000025fc462af90_0 .net "wr_data", 31 0, L_0000025fc4572eb0;  alias, 1 drivers
v0000025fc462c610_0 .net "wr_en", 0 0, L_0000025fc4574500;  alias, 1 drivers
S_0000025fc460eb60 .scope module, "u_mem_controller" "memory_controller" 5 254, 20 14 0, S_0000025fc4409f20;
 .timescale -9 -12;
    .port_info 0 /INPUT 1 "clk";
    .port_info 1 /INPUT 1 "rst_n";
    .port_info 2 /INPUT 1 "busy";
    .port_info 3 /INPUT 1 "host_wr_en";
    .port_info 4 /INPUT 1 "host_rd_en";
    .port_info 5 /INPUT 3 "host_target_id";
    .port_info 6 /INPUT 16 "host_addr";
    .port_info 7 /INPUT 32 "host_wr_data32";
    .port_info 8 /INPUT 8 "host_wr_data8";
    .port_info 9 /OUTPUT 32 "host_rd_data32";
    .port_info 10 /OUTPUT 8 "host_rd_data8";
    .port_info 11 /OUTPUT 1 "imem_host_wr_en";
    .port_info 12 /OUTPUT 10 "imem_host_wr_addr";
    .port_info 13 /OUTPUT 32 "imem_host_wr_data";
    .port_info 14 /OUTPUT 1 "imem_host_rd_en";
    .port_info 15 /OUTPUT 10 "imem_host_rd_addr";
    .port_info 16 /INPUT 32 "imem_host_rd_data";
    .port_info 17 /OUTPUT 1 "hmem_host_wr_en";
    .port_info 18 /OUTPUT 12 "hmem_host_wr_addr";
    .port_info 19 /OUTPUT 8 "hmem_host_wr_data";
    .port_info 20 /OUTPUT 1 "hmem_host_rd_en";
    .port_info 21 /OUTPUT 12 "hmem_host_rd_addr";
    .port_info 22 /INPUT 8 "hmem_host_rd_data";
    .port_info 23 /OUTPUT 1 "spad_host_wr_en";
    .port_info 24 /OUTPUT 12 "spad_host_wr_addr";
    .port_info 25 /OUTPUT 8 "spad_host_wr_data";
    .port_info 26 /OUTPUT 1 "spad_host_rd_en";
    .port_info 27 /OUTPUT 12 "spad_host_rd_addr";
    .port_info 28 /INPUT 8 "spad_host_rd_data";
    .port_info 29 /OUTPUT 1 "weight_host_wr_en";
    .port_info 30 /OUTPUT 16 "weight_host_wr_addr";
    .port_info 31 /OUTPUT 8 "weight_host_wr_data";
    .port_info 32 /OUTPUT 1 "weight_host_rd_en";
    .port_info 33 /OUTPUT 16 "weight_host_rd_addr";
    .port_info 34 /INPUT 8 "weight_host_rd_data";
    .port_info 35 /OUTPUT 1 "bias_host_wr_en";
    .port_info 36 /OUTPUT 16 "bias_host_wr_addr";
    .port_info 37 /OUTPUT 8 "bias_host_wr_data";
    .port_info 38 /OUTPUT 1 "bias_host_rd_en";
    .port_info 39 /OUTPUT 16 "bias_host_rd_addr";
    .port_info 40 /INPUT 8 "bias_host_rd_data";
    .port_info 41 /OUTPUT 1 "outmem_host_rd_en";
    .port_info 42 /OUTPUT 12 "outmem_host_rd_addr";
    .port_info 43 /INPUT 8 "outmem_host_rd_data";
L_0000025fc4574260 .functor NOT 1, v0000025fc4607f30_0, C4<0>, C4<0>, C4<0>;
L_0000025fc4573af0 .functor AND 1, v0000025fc4637230_0, L_0000025fc4574260, C4<1>, C4<1>;
L_0000025fc4574500 .functor AND 1, L_0000025fc4573af0, L_0000025fc4686df0, C4<1>, C4<1>;
L_0000025fc4572eb0 .functor BUFZ 32, v0000025fc4637b90_0, C4<00000000000000000000000000000000>, C4<00000000000000000000000000000000>, C4<00000000000000000000000000000000>;
L_0000025fc4574650 .functor AND 1, v0000025fc4636fb0_0, L_0000025fc4687110, C4<1>, C4<1>;
L_0000025fc4572f20 .functor AND 1, v0000025fc4637230_0, L_0000025fc4686490, C4<1>, C4<1>;
L_0000025fc4572c10 .functor BUFZ 8, v0000025fc4636d30_0, C4<00000000>, C4<00000000>, C4<00000000>;
L_0000025fc4572f90 .functor AND 1, v0000025fc4636fb0_0, L_0000025fc4686850, C4<1>, C4<1>;
L_0000025fc4573070 .functor AND 1, L_0000025fc4573af0, L_0000025fc4687250, C4<1>, C4<1>;
L_0000025fc4573bd0 .functor BUFZ 8, v0000025fc4636d30_0, C4<00000000>, C4<00000000>, C4<00000000>;
L_0000025fc4572ac0 .functor AND 1, v0000025fc4636fb0_0, L_0000025fc46888d0, C4<1>, C4<1>;
L_0000025fc4572b30 .functor AND 1, L_0000025fc4573af0, L_0000025fc4686990, C4<1>, C4<1>;
L_0000025fc4572cf0 .functor BUFZ 16, v0000025fc46365b0_0, C4<0000000000000000>, C4<0000000000000000>, C4<0000000000000000>;
L_0000025fc4572c80 .functor BUFZ 8, v0000025fc4636d30_0, C4<00000000>, C4<00000000>, C4<00000000>;
L_0000025fc45730e0 .functor AND 1, v0000025fc4636fb0_0, L_0000025fc46872f0, C4<1>, C4<1>;
L_0000025fc4573c40 .functor BUFZ 16, v0000025fc46365b0_0, C4<0000000000000000>, C4<0000000000000000>, C4<0000000000000000>;
L_0000025fc4574dc0 .functor AND 1, L_0000025fc4573af0, L_0000025fc4687430, C4<1>, C4<1>;
L_0000025fc4574ce0 .functor BUFZ 16, v0000025fc46365b0_0, C4<0000000000000000>, C4<0000000000000000>, C4<0000000000000000>;
L_0000025fc4574730 .functor BUFZ 8, v0000025fc4636d30_0, C4<00000000>, C4<00000000>, C4<00000000>;
L_0000025fc45748f0 .functor AND 1, v0000025fc4636fb0_0, L_0000025fc4687890, C4<1>, C4<1>;
L_0000025fc4574880 .functor BUFZ 16, v0000025fc46365b0_0, C4<0000000000000000>, C4<0000000000000000>, C4<0000000000000000>;
L_0000025fc4574b20 .functor AND 1, v0000025fc4636fb0_0, L_0000025fc4687390, C4<1>, C4<1>;
L_0000025fc4574810 .functor BUFZ 32, L_0000025fc45749d0, C4<00000000000000000000000000000000>, C4<00000000000000000000000000000000>, C4<00000000000000000000000000000000>;
v0000025fc462b670_0 .net *"_ivl_0", 0 0, L_0000025fc4574260;  1 drivers
L_0000025fc463adb8 .functor BUFT 1, C4<000>, C4<0>, C4<0>, C4<0>;
v0000025fc462b210_0 .net/2u *"_ivl_14", 2 0, L_0000025fc463adb8;  1 drivers
v0000025fc462a3b0_0 .net *"_ivl_16", 0 0, L_0000025fc4687110;  1 drivers
L_0000025fc463ae00 .functor BUFT 1, C4<001>, C4<0>, C4<0>, C4<0>;
v0000025fc462c110_0 .net/2u *"_ivl_22", 2 0, L_0000025fc463ae00;  1 drivers
v0000025fc462c2f0_0 .net *"_ivl_24", 0 0, L_0000025fc4686490;  1 drivers
L_0000025fc463ae48 .functor BUFT 1, C4<001>, C4<0>, C4<0>, C4<0>;
v0000025fc462c570_0 .net/2u *"_ivl_32", 2 0, L_0000025fc463ae48;  1 drivers
v0000025fc462c750_0 .net *"_ivl_34", 0 0, L_0000025fc4686850;  1 drivers
L_0000025fc463ad70 .functor BUFT 1, C4<000>, C4<0>, C4<0>, C4<0>;
v0000025fc462b7b0_0 .net/2u *"_ivl_4", 2 0, L_0000025fc463ad70;  1 drivers
L_0000025fc463ae90 .functor BUFT 1, C4<010>, C4<0>, C4<0>, C4<0>;
v0000025fc462a8b0_0 .net/2u *"_ivl_40", 2 0, L_0000025fc463ae90;  1 drivers
v0000025fc462bd50_0 .net *"_ivl_42", 0 0, L_0000025fc4687250;  1 drivers
L_0000025fc463aed8 .functor BUFT 1, C4<010>, C4<0>, C4<0>, C4<0>;
v0000025fc462c7f0_0 .net/2u *"_ivl_50", 2 0, L_0000025fc463aed8;  1 drivers
v0000025fc462bf30_0 .net *"_ivl_52", 0 0, L_0000025fc46888d0;  1 drivers
L_0000025fc463af20 .functor BUFT 1, C4<011>, C4<0>, C4<0>, C4<0>;
v0000025fc462bcb0_0 .net/2u *"_ivl_58", 2 0, L_0000025fc463af20;  1 drivers
v0000025fc462b350_0 .net *"_ivl_6", 0 0, L_0000025fc4686df0;  1 drivers
v0000025fc462c890_0 .net *"_ivl_60", 0 0, L_0000025fc4686990;  1 drivers
L_0000025fc463af68 .functor BUFT 1, C4<011>, C4<0>, C4<0>, C4<0>;
v0000025fc462bad0_0 .net/2u *"_ivl_68", 2 0, L_0000025fc463af68;  1 drivers
v0000025fc462a270_0 .net *"_ivl_70", 0 0, L_0000025fc46872f0;  1 drivers
L_0000025fc463afb0 .functor BUFT 1, C4<100>, C4<0>, C4<0>, C4<0>;
v0000025fc462a590_0 .net/2u *"_ivl_76", 2 0, L_0000025fc463afb0;  1 drivers
v0000025fc462b3f0_0 .net *"_ivl_78", 0 0, L_0000025fc4687430;  1 drivers
L_0000025fc463aff8 .functor BUFT 1, C4<100>, C4<0>, C4<0>, C4<0>;
v0000025fc462a630_0 .net/2u *"_ivl_86", 2 0, L_0000025fc463aff8;  1 drivers
v0000025fc462b490_0 .net *"_ivl_88", 0 0, L_0000025fc4687890;  1 drivers
L_0000025fc463b040 .functor BUFT 1, C4<101>, C4<0>, C4<0>, C4<0>;
v0000025fc462a950_0 .net/2u *"_ivl_94", 2 0, L_0000025fc463b040;  1 drivers
v0000025fc462a9f0_0 .net *"_ivl_96", 0 0, L_0000025fc4687390;  1 drivers
v0000025fc462b530_0 .net "allow_host_wr", 0 0, L_0000025fc4573af0;  1 drivers
v0000025fc462b5d0_0 .net "bias_host_rd_addr", 15 0, L_0000025fc4574880;  alias, 1 drivers
v0000025fc462b710_0 .net/s "bias_host_rd_data", 7 0, L_0000025fc4574b90;  alias, 1 drivers
v0000025fc462bb70_0 .net "bias_host_rd_en", 0 0, L_0000025fc45748f0;  alias, 1 drivers
v0000025fc462bdf0_0 .net "bias_host_wr_addr", 15 0, L_0000025fc4574ce0;  alias, 1 drivers
v0000025fc462be90_0 .net/s "bias_host_wr_data", 7 0, L_0000025fc4574730;  alias, 1 drivers
v0000025fc462bfd0_0 .net "bias_host_wr_en", 0 0, L_0000025fc4574dc0;  alias, 1 drivers
v0000025fc462cf70_0 .net "busy", 0 0, v0000025fc4607f30_0;  alias, 1 drivers
v0000025fc462ca70_0 .net "clk", 0 0, v0000025fc4637af0_0;  alias, 1 drivers
v0000025fc462d010_0 .net "hmem_host_rd_addr", 11 0, L_0000025fc4686e90;  alias, 1 drivers
v0000025fc462c9d0_0 .net/s "hmem_host_rd_data", 7 0, v0000025fc462c070_0;  alias, 1 drivers
v0000025fc462cd90_0 .net "hmem_host_rd_en", 0 0, L_0000025fc4572f90;  alias, 1 drivers
v0000025fc462cc50_0 .net "hmem_host_wr_addr", 11 0, L_0000025fc46871b0;  alias, 1 drivers
v0000025fc462c930_0 .net/s "hmem_host_wr_data", 7 0, L_0000025fc4572c10;  alias, 1 drivers
v0000025fc462cb10_0 .net "hmem_host_wr_en", 0 0, L_0000025fc4572f20;  alias, 1 drivers
v0000025fc462cbb0_0 .net "host_addr", 15 0, v0000025fc46365b0_0;  alias, 1 drivers
v0000025fc462ccf0_0 .net "host_rd_data32", 31 0, L_0000025fc4574810;  alias, 1 drivers
v0000025fc462ce30_0 .var/s "host_rd_data8", 7 0;
v0000025fc462ced0_0 .net "host_rd_en", 0 0, v0000025fc4636fb0_0;  alias, 1 drivers
v0000025fc4633090_0 .net "host_target_id", 2 0, v0000025fc4637050_0;  alias, 1 drivers
v0000025fc4632870_0 .net "host_wr_data32", 31 0, v0000025fc4637b90_0;  alias, 1 drivers
v0000025fc4632410_0 .net/s "host_wr_data8", 7 0, v0000025fc4636d30_0;  alias, 1 drivers
v0000025fc4631dd0_0 .net "host_wr_en", 0 0, v0000025fc4637230_0;  alias, 1 drivers
v0000025fc4632f50_0 .net "imem_host_rd_addr", 9 0, L_0000025fc4686f30;  alias, 1 drivers
v0000025fc4631e70_0 .net "imem_host_rd_data", 31 0, L_0000025fc45749d0;  alias, 1 drivers
v0000025fc46311f0_0 .net "imem_host_rd_en", 0 0, L_0000025fc4574650;  alias, 1 drivers
v0000025fc4631510_0 .net "imem_host_wr_addr", 9 0, L_0000025fc46868f0;  alias, 1 drivers
v0000025fc46315b0_0 .net "imem_host_wr_data", 31 0, L_0000025fc4572eb0;  alias, 1 drivers
v0000025fc4631f10_0 .net "imem_host_wr_en", 0 0, L_0000025fc4574500;  alias, 1 drivers
v0000025fc4633130_0 .net "outmem_host_rd_addr", 11 0, L_0000025fc46874d0;  alias, 1 drivers
v0000025fc4631ab0_0 .net/s "outmem_host_rd_data", 7 0, v0000025fc46316f0_0;  alias, 1 drivers
v0000025fc4632eb0_0 .net "outmem_host_rd_en", 0 0, L_0000025fc4574b20;  alias, 1 drivers
v0000025fc4631a10_0 .net "rst_n", 0 0, v0000025fc46383b0_0;  alias, 1 drivers
v0000025fc4632d70_0 .net "spad_host_rd_addr", 11 0, L_0000025fc4686170;  alias, 1 drivers
v0000025fc4632a50_0 .net/s "spad_host_rd_data", 7 0, L_0000025fc4574a40;  alias, 1 drivers
v0000025fc4632e10_0 .net "spad_host_rd_en", 0 0, L_0000025fc4572ac0;  alias, 1 drivers
v0000025fc46338b0_0 .net "spad_host_wr_addr", 11 0, L_0000025fc4687070;  alias, 1 drivers
v0000025fc46327d0_0 .net/s "spad_host_wr_data", 7 0, L_0000025fc4573bd0;  alias, 1 drivers
v0000025fc4631470_0 .net "spad_host_wr_en", 0 0, L_0000025fc4573070;  alias, 1 drivers
v0000025fc4631b50_0 .net "weight_host_rd_addr", 15 0, L_0000025fc4573c40;  alias, 1 drivers
v0000025fc4631290_0 .net/s "weight_host_rd_data", 7 0, L_0000025fc4574ab0;  alias, 1 drivers
v0000025fc46322d0_0 .net "weight_host_rd_en", 0 0, L_0000025fc45730e0;  alias, 1 drivers
v0000025fc4632690_0 .net "weight_host_wr_addr", 15 0, L_0000025fc4572cf0;  alias, 1 drivers
v0000025fc4632190_0 .net/s "weight_host_wr_data", 7 0, L_0000025fc4572c80;  alias, 1 drivers
v0000025fc4633590_0 .net "weight_host_wr_en", 0 0, L_0000025fc4572b30;  alias, 1 drivers
E_0000025fc453d680/0 .event anyedge, v0000025fc4633090_0, v0000025fc462c070_0, v0000025fc4632a50_0, v0000025fc4631290_0;
E_0000025fc453d680/1 .event anyedge, v0000025fc462b710_0, v0000025fc4631ab0_0;
E_0000025fc453d680 .event/or E_0000025fc453d680/0, E_0000025fc453d680/1;
L_0000025fc4686df0 .cmp/eq 3, v0000025fc4637050_0, L_0000025fc463ad70;
L_0000025fc46868f0 .part v0000025fc46365b0_0, 0, 10;
L_0000025fc4687110 .cmp/eq 3, v0000025fc4637050_0, L_0000025fc463adb8;
L_0000025fc4686f30 .part v0000025fc46365b0_0, 0, 10;
L_0000025fc4686490 .cmp/eq 3, v0000025fc4637050_0, L_0000025fc463ae00;
L_0000025fc46871b0 .part v0000025fc46365b0_0, 0, 12;
L_0000025fc4686850 .cmp/eq 3, v0000025fc4637050_0, L_0000025fc463ae48;
L_0000025fc4686e90 .part v0000025fc46365b0_0, 0, 12;
L_0000025fc4687250 .cmp/eq 3, v0000025fc4637050_0, L_0000025fc463ae90;
L_0000025fc4687070 .part v0000025fc46365b0_0, 0, 12;
L_0000025fc46888d0 .cmp/eq 3, v0000025fc4637050_0, L_0000025fc463aed8;
L_0000025fc4686170 .part v0000025fc46365b0_0, 0, 12;
L_0000025fc4686990 .cmp/eq 3, v0000025fc4637050_0, L_0000025fc463af20;
L_0000025fc46872f0 .cmp/eq 3, v0000025fc4637050_0, L_0000025fc463af68;
L_0000025fc4687430 .cmp/eq 3, v0000025fc4637050_0, L_0000025fc463afb0;
L_0000025fc4687890 .cmp/eq 3, v0000025fc4637050_0, L_0000025fc463aff8;
L_0000025fc4687390 .cmp/eq 3, v0000025fc4637050_0, L_0000025fc463b040;
L_0000025fc46874d0 .part v0000025fc46365b0_0, 0, 12;
S_0000025fc460ecf0 .scope module, "u_outmem" "output_memory" 5 457, 21 13 0, S_0000025fc4409f20;
 .timescale -9 -12;
    .port_info 0 /INPUT 1 "clk";
    .port_info 1 /INPUT 1 "rst_n";
    .port_info 2 /INPUT 1 "wr_en";
    .port_info 3 /INPUT 12 "wr_addr";
    .port_info 4 /INPUT 8 "wr_data";
    .port_info 5 /INPUT 1 "rd_en";
    .port_info 6 /INPUT 12 "rd_addr";
    .port_info 7 /OUTPUT 8 "rd_data";
P_0000025fc453ef80 .param/l "DEPTH" 0 21 14, C4<00000000000000000001000000000000>;
v0000025fc4631bf0_0 .net "clk", 0 0, v0000025fc4637af0_0;  alias, 1 drivers
v0000025fc4632b90 .array/s "mem", 4095 0, 7 0;
v0000025fc4632910_0 .net "rd_addr", 11 0, L_0000025fc46874d0;  alias, 1 drivers
v0000025fc46316f0_0 .var/s "rd_data", 7 0;
v0000025fc4631790_0 .net "rd_en", 0 0, L_0000025fc4574b20;  alias, 1 drivers
v0000025fc4631330_0 .net "rst_n", 0 0, v0000025fc46383b0_0;  alias, 1 drivers
v0000025fc4631d30_0 .net "wr_addr", 11 0, L_0000025fc4687610;  1 drivers
v0000025fc4631650_0 .net/s "wr_data", 7 0, v0000025fc460ae10_0;  alias, 1 drivers
v0000025fc46331d0_0 .net "wr_en", 0 0, v0000025fc460a9b0_0;  alias, 1 drivers
S_0000025fc460dee0 .scope module, "u_pc" "program_counter" 5 163, 22 25 0, S_0000025fc4409f20;
 .timescale -9 -12;
    .port_info 0 /INPUT 1 "clk";
    .port_info 1 /INPUT 1 "rst_n";
    .port_info 2 /INPUT 1 "pc_write";
    .port_info 3 /INPUT 16 "pc_next";
    .port_info 4 /OUTPUT 16 "pc_out";
v0000025fc4631970_0 .net "clk", 0 0, v0000025fc4637af0_0;  alias, 1 drivers
v0000025fc4632af0_0 .net "pc_next", 15 0, v0000025fc460b4f0_0;  alias, 1 drivers
v0000025fc4633450_0 .var "pc_out", 15 0;
v0000025fc4631fb0_0 .net "pc_write", 0 0, v0000025fc460b950_0;  alias, 1 drivers
v0000025fc4632730_0 .net "rst_n", 0 0, v0000025fc46383b0_0;  alias, 1 drivers
S_0000025fc460d0d0 .scope autotask, "read_outmem" "read_outmem" 4 173, 4 173 0, S_0000025fc45a93a0;
 .timescale -9 -12;
v0000025fc4637f50_0 .var "addr", 15 0;
v0000025fc4637870_0 .var/s "data", 7 0;
TD_tb_flow.read_outmem ;
    %wait E_0000025fc453a880;
    %pushi/vec4 1, 0, 1;
    %store/vec4 v0000025fc4636fb0_0, 0, 1;
    %pushi/vec4 5, 0, 3;
    %store/vec4 v0000025fc4637050_0, 0, 3;
    %load/vec4 v0000025fc4637f50_0;
    %store/vec4 v0000025fc46365b0_0, 0, 16;
    %wait E_0000025fc453b080;
    %delay 1000, 0;
    %load/vec4 v0000025fc4636c90_0;
    %store/vec4 v0000025fc4637870_0, 0, 8;
    %wait E_0000025fc453a880;
    %pushi/vec4 0, 0, 1;
    %store/vec4 v0000025fc4636fb0_0, 0, 1;
    %end;
S_0000025fc460d3f0 .scope autotask, "write_bias" "write_bias" 4 162, 4 162 0, S_0000025fc45a93a0;
 .timescale -9 -12;
v0000025fc4636e70_0 .var "addr", 15 0;
v0000025fc4636510_0 .var/s "data", 7 0;
TD_tb_flow.write_bias ;
    %wait E_0000025fc453a880;
    %pushi/vec4 1, 0, 1;
    %store/vec4 v0000025fc4637230_0, 0, 1;
    %pushi/vec4 4, 0, 3;
    %store/vec4 v0000025fc4637050_0, 0, 3;
    %load/vec4 v0000025fc4636e70_0;
    %store/vec4 v0000025fc46365b0_0, 0, 16;
    %load/vec4 v0000025fc4636510_0;
    %store/vec4 v0000025fc4636d30_0, 0, 8;
    %wait E_0000025fc453b080;
    %wait E_0000025fc453a880;
    %pushi/vec4 0, 0, 1;
    %store/vec4 v0000025fc4637230_0, 0, 1;
    %end;
S_0000025fc460d580 .scope autotask, "write_hmem" "write_hmem" 4 140, 4 140 0, S_0000025fc45a93a0;
 .timescale -9 -12;
v0000025fc46381d0_0 .var "addr", 15 0;
v0000025fc46370f0_0 .var/s "data", 7 0;
TD_tb_flow.write_hmem ;
    %wait E_0000025fc453a880;
    %pushi/vec4 1, 0, 1;
    %store/vec4 v0000025fc4637230_0, 0, 1;
    %pushi/vec4 1, 0, 3;
    %store/vec4 v0000025fc4637050_0, 0, 3;
    %load/vec4 v0000025fc46381d0_0;
    %store/vec4 v0000025fc46365b0_0, 0, 16;
    %load/vec4 v0000025fc46370f0_0;
    %store/vec4 v0000025fc4636d30_0, 0, 8;
    %wait E_0000025fc453b080;
    %wait E_0000025fc453a880;
    %pushi/vec4 0, 0, 1;
    %store/vec4 v0000025fc4637230_0, 0, 1;
    %end;
S_0000025fc460d710 .scope autotask, "write_imem" "write_imem" 4 129, 4 129 0, S_0000025fc45a93a0;
 .timescale -9 -12;
v0000025fc4636bf0_0 .var "addr", 15 0;
v0000025fc46379b0_0 .var "data", 31 0;
TD_tb_flow.write_imem ;
    %wait E_0000025fc453a880;
    %pushi/vec4 1, 0, 1;
    %store/vec4 v0000025fc4637230_0, 0, 1;
    %pushi/vec4 0, 0, 3;
    %store/vec4 v0000025fc4637050_0, 0, 3;
    %load/vec4 v0000025fc4636bf0_0;
    %store/vec4 v0000025fc46365b0_0, 0, 16;
    %load/vec4 v0000025fc46379b0_0;
    %store/vec4 v0000025fc4637b90_0, 0, 32;
    %wait E_0000025fc453b080;
    %wait E_0000025fc453a880;
    %pushi/vec4 0, 0, 1;
    %store/vec4 v0000025fc4637230_0, 0, 1;
    %end;
S_0000025fc460d8a0 .scope autotask, "write_weight" "write_weight" 4 151, 4 151 0, S_0000025fc45a93a0;
 .timescale -9 -12;
v0000025fc46386d0_0 .var "addr", 15 0;
v0000025fc4636150_0 .var/s "data", 7 0;
TD_tb_flow.write_weight ;
    %wait E_0000025fc453a880;
    %pushi/vec4 1, 0, 1;
    %store/vec4 v0000025fc4637230_0, 0, 1;
    %pushi/vec4 3, 0, 3;
    %store/vec4 v0000025fc4637050_0, 0, 3;
    %load/vec4 v0000025fc46386d0_0;
    %store/vec4 v0000025fc46365b0_0, 0, 16;
    %load/vec4 v0000025fc4636150_0;
    %store/vec4 v0000025fc4636d30_0, 0, 8;
    %wait E_0000025fc453b080;
    %wait E_0000025fc453a880;
    %pushi/vec4 0, 0, 1;
    %store/vec4 v0000025fc4637230_0, 0, 1;
    %end;
    .scope S_0000025fc43f4be0;
T_9 ;
    %wait E_0000025fc453b080;
    %load/vec4 v0000025fc4581410_0;
    %flag_set/vec4 8;
    %jmp/0xz  T_9.0, 8;
    %load/vec4 v0000025fc4581370_0;
    %load/vec4 v0000025fc4581ff0_0;
    %pad/u 14;
    %ix/vec4 3;
    %ix/load 4, 0, 0; Constant delay
    %assign/vec4/a/d v0000025fc45819b0, 0, 4;
T_9.0 ;
    %load/vec4 v0000025fc45817d0_0;
    %flag_set/vec4 8;
    %jmp/0xz  T_9.2, 8;
    %load/vec4 v0000025fc45828b0_0;
    %pad/u 14;
    %ix/vec4 4;
    %load/vec4a v0000025fc45819b0, 4;
    %assign/vec4 v0000025fc45810f0_0, 0;
T_9.2 ;
    %jmp T_9;
    .thread T_9;
    .scope S_0000025fc43f4be0;
T_10 ;
    %wait E_0000025fc453b080;
    %load/vec4 v0000025fc4581870_0;
    %flag_set/vec4 8;
    %jmp/0xz  T_10.0, 8;
    %load/vec4 v0000025fc4581730_0;
    %load/vec4 v0000025fc4581690_0;
    %pad/u 14;
    %ix/vec4 3;
    %ix/load 4, 0, 0; Constant delay
    %assign/vec4/a/d v0000025fc45819b0, 0, 4;
T_10.0 ;
    %load/vec4 v0000025fc45815f0_0;
    %flag_set/vec4 8;
    %jmp/0xz  T_10.2, 8;
    %load/vec4 v0000025fc45814b0_0;
    %pad/u 14;
    %ix/vec4 4;
    %load/vec4a v0000025fc45819b0, 4;
    %assign/vec4 v0000025fc4581550_0, 0;
T_10.2 ;
    %jmp T_10;
    .thread T_10;
    .scope S_0000025fc43c1cf0;
T_11 ;
    %wait E_0000025fc453b080;
    %load/vec4 v0000025fc44e8720_0;
    %flag_set/vec4 8;
    %jmp/0xz  T_11.0, 8;
    %load/vec4 v0000025fc44e8680_0;
    %load/vec4 v0000025fc44e85e0_0;
    %pad/u 14;
    %ix/vec4 3;
    %ix/load 4, 0, 0; Constant delay
    %assign/vec4/a/d v0000025fc44ef340, 0, 4;
T_11.0 ;
    %load/vec4 v0000025fc44e8220_0;
    %flag_set/vec4 8;
    %jmp/0xz  T_11.2, 8;
    %load/vec4 v0000025fc44e8540_0;
    %pad/u 14;
    %ix/vec4 4;
    %load/vec4a v0000025fc44ef340, 4;
    %assign/vec4 v0000025fc44e7fa0_0, 0;
T_11.2 ;
    %jmp T_11;
    .thread T_11;
    .scope S_0000025fc43c1cf0;
T_12 ;
    %wait E_0000025fc453b080;
    %load/vec4 v0000025fc44ef020_0;
    %flag_set/vec4 8;
    %jmp/0xz  T_12.0, 8;
    %load/vec4 v0000025fc44eed00_0;
    %load/vec4 v0000025fc44eff20_0;
    %pad/u 14;
    %ix/vec4 3;
    %ix/load 4, 0, 0; Constant delay
    %assign/vec4/a/d v0000025fc44ef340, 0, 4;
T_12.0 ;
    %load/vec4 v0000025fc44efac0_0;
    %flag_set/vec4 8;
    %jmp/0xz  T_12.2, 8;
    %load/vec4 v0000025fc44e87c0_0;
    %pad/u 14;
    %ix/vec4 4;
    %load/vec4a v0000025fc44ef340, 4;
    %assign/vec4 v0000025fc44eef80_0, 0;
T_12.2 ;
    %jmp T_12;
    .thread T_12;
    .scope S_0000025fc435b980;
T_13 ;
    %wait E_0000025fc453b080;
    %load/vec4 v0000025fc4531b70_0;
    %flag_set/vec4 8;
    %jmp/0xz  T_13.0, 8;
    %load/vec4 v0000025fc454c3c0_0;
    %load/vec4 v0000025fc454c320_0;
    %pad/u 14;
    %ix/vec4 3;
    %ix/load 4, 0, 0; Constant delay
    %assign/vec4/a/d v0000025fc4604e00, 0, 4;
T_13.0 ;
    %load/vec4 v0000025fc454b4c0_0;
    %flag_set/vec4 8;
    %jmp/0xz  T_13.2, 8;
    %load/vec4 v0000025fc454b420_0;
    %pad/u 14;
    %ix/vec4 4;
    %load/vec4a v0000025fc4604e00, 4;
    %assign/vec4 v0000025fc454c0a0_0, 0;
T_13.2 ;
    %jmp T_13;
    .thread T_13;
    .scope S_0000025fc435b980;
T_14 ;
    %wait E_0000025fc453b080;
    %load/vec4 v0000025fc4522e90_0;
    %flag_set/vec4 8;
    %jmp/0xz  T_14.0, 8;
    %load/vec4 v0000025fc45218b0_0;
    %load/vec4 v0000025fc4522710_0;
    %pad/u 14;
    %ix/vec4 3;
    %ix/load 4, 0, 0; Constant delay
    %assign/vec4/a/d v0000025fc4604e00, 0, 4;
T_14.0 ;
    %load/vec4 v0000025fc4532930_0;
    %flag_set/vec4 8;
    %jmp/0xz  T_14.2, 8;
    %load/vec4 v0000025fc4532bb0_0;
    %pad/u 14;
    %ix/vec4 4;
    %load/vec4a v0000025fc4604e00, 4;
    %assign/vec4 v0000025fc45315d0_0, 0;
T_14.2 ;
    %jmp T_14;
    .thread T_14;
    .scope S_0000025fc4618720;
T_15 ;
    %wait E_0000025fc453b080;
    %load/vec4 v0000025fc4604ea0_0;
    %flag_set/vec4 8;
    %jmp/0xz  T_15.0, 8;
    %load/vec4 v0000025fc4604b80_0;
    %load/vec4 v0000025fc46051c0_0;
    %pad/u 14;
    %ix/vec4 3;
    %ix/load 4, 0, 0; Constant delay
    %assign/vec4/a/d v0000025fc46044a0, 0, 4;
T_15.0 ;
    %load/vec4 v0000025fc4604f40_0;
    %flag_set/vec4 8;
    %jmp/0xz  T_15.2, 8;
    %load/vec4 v0000025fc4605940_0;
    %pad/u 14;
    %ix/vec4 4;
    %load/vec4a v0000025fc46044a0, 4;
    %assign/vec4 v0000025fc46054e0_0, 0;
T_15.2 ;
    %jmp T_15;
    .thread T_15;
    .scope S_0000025fc4618720;
T_16 ;
    %wait E_0000025fc453b080;
    %load/vec4 v0000025fc4604180_0;
    %flag_set/vec4 8;
    %jmp/0xz  T_16.0, 8;
    %load/vec4 v0000025fc4605bc0_0;
    %load/vec4 v0000025fc4604cc0_0;
    %pad/u 14;
    %ix/vec4 3;
    %ix/load 4, 0, 0; Constant delay
    %assign/vec4/a/d v0000025fc46044a0, 0, 4;
T_16.0 ;
    %load/vec4 v0000025fc4605260_0;
    %flag_set/vec4 8;
    %jmp/0xz  T_16.2, 8;
    %load/vec4 v0000025fc4603fa0_0;
    %pad/u 14;
    %ix/vec4 4;
    %load/vec4a v0000025fc46044a0, 4;
    %assign/vec4 v0000025fc46053a0_0, 0;
T_16.2 ;
    %jmp T_16;
    .thread T_16;
    .scope S_0000025fc46180e0;
T_17 ;
    %wait E_0000025fc453b080;
    %load/vec4 v0000025fc4605620_0;
    %flag_set/vec4 8;
    %jmp/0xz  T_17.0, 8;
    %load/vec4 v0000025fc4604900_0;
    %load/vec4 v0000025fc4605300_0;
    %pad/u 18;
    %ix/vec4 3;
    %ix/load 4, 0, 0; Constant delay
    %assign/vec4/a/d v0000025fc4604d60, 0, 4;
T_17.0 ;
    %load/vec4 v0000025fc46047c0_0;
    %flag_set/vec4 8;
    %jmp/0xz  T_17.2, 8;
    %load/vec4 v0000025fc4604ae0_0;
    %pad/u 18;
    %ix/vec4 4;
    %load/vec4a v0000025fc4604d60, 4;
    %assign/vec4 v0000025fc4605120_0, 0;
T_17.2 ;
    %jmp T_17;
    .thread T_17;
    .scope S_0000025fc4618270;
T_18 ;
    %wait E_0000025fc453b080;
    %load/vec4 v0000025fc4604860_0;
    %flag_set/vec4 8;
    %jmp/0xz  T_18.0, 8;
    %load/vec4 v0000025fc46059e0_0;
    %load/vec4 v0000025fc4604680_0;
    %pad/u 18;
    %ix/vec4 3;
    %ix/load 4, 0, 0; Constant delay
    %assign/vec4/a/d v0000025fc4605c60, 0, 4;
T_18.0 ;
    %load/vec4 v0000025fc46058a0_0;
    %flag_set/vec4 8;
    %jmp/0xz  T_18.2, 8;
    %load/vec4 v0000025fc4605800_0;
    %pad/u 18;
    %ix/vec4 4;
    %load/vec4a v0000025fc4605c60, 4;
    %assign/vec4 v0000025fc4605d00_0, 0;
T_18.2 ;
    %jmp T_18;
    .thread T_18;
    .scope S_0000025fc46071d0;
T_19 ;
    %wait E_0000025fc453b080;
    %load/vec4 v0000025fc460a370_0;
    %flag_set/vec4 8;
    %jmp/0xz  T_19.0, 8;
    %load/vec4 v0000025fc4608f70_0;
    %load/vec4 v0000025fc4609470_0;
    %pad/u 18;
    %ix/vec4 3;
    %ix/load 4, 0, 0; Constant delay
    %assign/vec4/a/d v0000025fc4604540, 0, 4;
T_19.0 ;
    %load/vec4 v0000025fc4605a80_0;
    %flag_set/vec4 8;
    %jmp/0xz  T_19.2, 8;
    %load/vec4 v0000025fc4604720_0;
    %pad/u 18;
    %ix/vec4 4;
    %load/vec4a v0000025fc4604540, 4;
    %assign/vec4 v0000025fc46049a0_0, 0;
T_19.2 ;
    %jmp T_19;
    .thread T_19;
    .scope S_0000025fc4607360;
T_20 ;
    %wait E_0000025fc453b080;
    %load/vec4 v0000025fc46082f0_0;
    %flag_set/vec4 8;
    %jmp/0xz  T_20.0, 8;
    %load/vec4 v0000025fc4609970_0;
    %load/vec4 v0000025fc46089d0_0;
    %pad/u 18;
    %ix/vec4 3;
    %ix/load 4, 0, 0; Constant delay
    %assign/vec4/a/d v0000025fc46086b0, 0, 4;
T_20.0 ;
    %load/vec4 v0000025fc4609290_0;
    %flag_set/vec4 8;
    %jmp/0xz  T_20.2, 8;
    %load/vec4 v0000025fc4608250_0;
    %pad/u 18;
    %ix/vec4 4;
    %load/vec4a v0000025fc46086b0, 4;
    %assign/vec4 v0000025fc460a2d0_0, 0;
T_20.2 ;
    %jmp T_20;
    .thread T_20;
    .scope S_0000025fc460dee0;
T_21 ;
    %wait E_0000025fc453a440;
    %load/vec4 v0000025fc4632730_0;
    %nor/r;
    %flag_set/vec4 8;
    %jmp/0xz  T_21.0, 8;
    %pushi/vec4 0, 0, 16;
    %assign/vec4 v0000025fc4633450_0, 0;
    %jmp T_21.1;
T_21.0 ;
    %load/vec4 v0000025fc4631fb0_0;
    %flag_set/vec4 8;
    %jmp/0xz  T_21.2, 8;
    %load/vec4 v0000025fc4632af0_0;
    %assign/vec4 v0000025fc4633450_0, 0;
T_21.2 ;
T_21.1 ;
    %jmp T_21;
    .thread T_21;
    .scope S_0000025fc460cf40;
T_22 ;
    %wait E_0000025fc453a440;
    %load/vec4 v0000025fc462b850_0;
    %nor/r;
    %flag_set/vec4 8;
    %jmp/0xz  T_22.0, 8;
    %pushi/vec4 0, 0, 3;
    %assign/vec4 v0000025fc462b2b0_0, 0;
    %pushi/vec4 0, 0, 1;
    %assign/vec4 v0000025fc4627b10_0, 0;
    %pushi/vec4 0, 0, 1;
    %assign/vec4 v0000025fc4629230_0, 0;
    %pushi/vec4 0, 0, 32;
    %assign/vec4 v0000025fc462c390_0, 0;
    %pushi/vec4 0, 0, 32;
    %assign/vec4 v0000025fc462ab30_0, 0;
    %pushi/vec4 0, 0, 32;
    %assign/vec4 v0000025fc462c1b0_0, 0;
    %pushi/vec4 0, 0, 32;
    %assign/vec4 v0000025fc462ad10_0, 0;
    %pushi/vec4 0, 0, 32;
    %assign/vec4 v0000025fc462b030_0, 0;
    %pushi/vec4 0, 0, 16;
    %assign/vec4 v0000025fc462a450_0, 0;
    %pushi/vec4 0, 0, 1;
    %assign/vec4 v0000025fc46299b0_0, 0;
    %pushi/vec4 0, 0, 16;
    %assign/vec4 v0000025fc46292d0_0, 0;
    %pushi/vec4 0, 0, 16;
    %assign/vec4 v0000025fc462a130_0, 0;
    %pushi/vec4 0, 0, 3;
    %assign/vec4 v0000025fc4628e70_0, 0;
    %jmp T_22.1;
T_22.0 ;
    %pushi/vec4 0, 0, 1;
    %assign/vec4 v0000025fc4627b10_0, 0;
    %pushi/vec4 0, 0, 1;
    %assign/vec4 v0000025fc46299b0_0, 0;
    %load/vec4 v0000025fc462b2b0_0;
    %dup/vec4;
    %pushi/vec4 0, 0, 3;
    %cmp/u;
    %jmp/1 T_22.2, 6;
    %dup/vec4;
    %pushi/vec4 1, 0, 3;
    %cmp/u;
    %jmp/1 T_22.3, 6;
    %dup/vec4;
    %pushi/vec4 2, 0, 3;
    %cmp/u;
    %jmp/1 T_22.4, 6;
    %dup/vec4;
    %pushi/vec4 3, 0, 3;
    %cmp/u;
    %jmp/1 T_22.5, 6;
    %dup/vec4;
    %pushi/vec4 4, 0, 3;
    %cmp/u;
    %jmp/1 T_22.6, 6;
    %pushi/vec4 0, 0, 3;
    %assign/vec4 v0000025fc462b2b0_0, 0;
    %jmp T_22.8;
T_22.2 ;
    %pushi/vec4 0, 0, 1;
    %assign/vec4 v0000025fc4629230_0, 0;
    %load/vec4 v0000025fc4627930_0;
    %flag_set/vec4 8;
    %jmp/0xz  T_22.9, 8;
    %pushi/vec4 0, 0, 32;
    %assign/vec4 v0000025fc462c390_0, 0;
    %pushi/vec4 0, 0, 32;
    %assign/vec4 v0000025fc462ab30_0, 0;
    %pushi/vec4 0, 0, 32;
    %assign/vec4 v0000025fc462c1b0_0, 0;
    %pushi/vec4 0, 0, 32;
    %assign/vec4 v0000025fc462ad10_0, 0;
    %pushi/vec4 0, 0, 32;
    %assign/vec4 v0000025fc462b030_0, 0;
    %pushi/vec4 1, 0, 1;
    %assign/vec4 v0000025fc46299b0_0, 0;
    %load/vec4 v0000025fc462ac70_0;
    %assign/vec4 v0000025fc46292d0_0, 0;
    %pushi/vec4 1, 0, 3;
    %assign/vec4 v0000025fc462b2b0_0, 0;
T_22.9 ;
    %jmp T_22.8;
T_22.3 ;
    %pushi/vec4 2, 0, 3;
    %assign/vec4 v0000025fc462b2b0_0, 0;
    %jmp T_22.8;
T_22.4 ;
    %load/vec4 v0000025fc4629910_0;
    %assign/vec4 v0000025fc462c390_0, 0;
    %load/vec4 v0000025fc4629910_0;
    %parti/s 8, 24, 6;
    %dup/vec4;
    %pushi/vec4 0, 0, 8;
    %cmp/u;
    %jmp/1 T_22.11, 6;
    %dup/vec4;
    %pushi/vec4 5, 0, 8;
    %cmp/u;
    %jmp/1 T_22.12, 6;
    %dup/vec4;
    %pushi/vec4 4, 0, 8;
    %cmp/u;
    %jmp/1 T_22.13, 6;
    %dup/vec4;
    %pushi/vec4 1, 0, 8;
    %cmp/u;
    %jmp/1 T_22.14, 6;
    %dup/vec4;
    %pushi/vec4 2, 0, 8;
    %cmp/u;
    %jmp/1 T_22.15, 6;
    %dup/vec4;
    %pushi/vec4 3, 0, 8;
    %cmp/u;
    %jmp/1 T_22.16, 6;
    %dup/vec4;
    %pushi/vec4 6, 0, 8;
    %cmp/u;
    %jmp/1 T_22.17, 6;
    %dup/vec4;
    %pushi/vec4 7, 0, 8;
    %cmp/u;
    %jmp/1 T_22.18, 6;
    %pushi/vec4 1, 0, 1;
    %assign/vec4 v0000025fc4629230_0, 0;
    %pushi/vec4 0, 0, 3;
    %assign/vec4 v0000025fc462b2b0_0, 0;
    %jmp T_22.20;
T_22.11 ;
    %pushi/vec4 1, 0, 16;
    %assign/vec4 v0000025fc462a130_0, 0;
    %jmp T_22.20;
T_22.12 ;
    %pushi/vec4 1, 0, 16;
    %assign/vec4 v0000025fc462a130_0, 0;
    %jmp T_22.20;
T_22.13 ;
    %pushi/vec4 2, 0, 16;
    %assign/vec4 v0000025fc462a130_0, 0;
    %jmp T_22.20;
T_22.14 ;
    %pushi/vec4 3, 0, 16;
    %assign/vec4 v0000025fc462a130_0, 0;
    %jmp T_22.20;
T_22.15 ;
    %pushi/vec4 3, 0, 16;
    %assign/vec4 v0000025fc462a130_0, 0;
    %jmp T_22.20;
T_22.16 ;
    %pushi/vec4 5, 0, 16;
    %assign/vec4 v0000025fc462a130_0, 0;
    %jmp T_22.20;
T_22.17 ;
    %pushi/vec4 5, 0, 16;
    %assign/vec4 v0000025fc462a130_0, 0;
    %jmp T_22.20;
T_22.18 ;
    %pushi/vec4 5, 0, 16;
    %assign/vec4 v0000025fc462a130_0, 0;
    %jmp T_22.20;
T_22.20 ;
    %pop/vec4 1;
    %load/vec4 v0000025fc4629910_0;
    %parti/s 8, 24, 6;
    %cmpi/e 0, 0, 8;
    %jmp/1 T_22.29, 4;
    %flag_mov 8, 4;
    %load/vec4 v0000025fc4629910_0;
    %parti/s 8, 24, 6;
    %cmpi/e 1, 0, 8;
    %flag_or 4, 8;
T_22.29;
    %jmp/1 T_22.28, 4;
    %flag_mov 8, 4;
    %load/vec4 v0000025fc4629910_0;
    %parti/s 8, 24, 6;
    %cmpi/e 2, 0, 8;
    %flag_or 4, 8;
T_22.28;
    %jmp/1 T_22.27, 4;
    %flag_mov 8, 4;
    %load/vec4 v0000025fc4629910_0;
    %parti/s 8, 24, 6;
    %cmpi/e 3, 0, 8;
    %flag_or 4, 8;
T_22.27;
    %jmp/1 T_22.26, 4;
    %flag_mov 8, 4;
    %load/vec4 v0000025fc4629910_0;
    %parti/s 8, 24, 6;
    %cmpi/e 4, 0, 8;
    %flag_or 4, 8;
T_22.26;
    %jmp/1 T_22.25, 4;
    %flag_mov 8, 4;
    %load/vec4 v0000025fc4629910_0;
    %parti/s 8, 24, 6;
    %cmpi/e 5, 0, 8;
    %flag_or 4, 8;
T_22.25;
    %jmp/1 T_22.24, 4;
    %flag_mov 8, 4;
    %load/vec4 v0000025fc4629910_0;
    %parti/s 8, 24, 6;
    %cmpi/e 6, 0, 8;
    %flag_or 4, 8;
T_22.24;
    %jmp/1 T_22.23, 4;
    %flag_mov 8, 4;
    %load/vec4 v0000025fc4629910_0;
    %parti/s 8, 24, 6;
    %cmpi/e 7, 0, 8;
    %flag_or 4, 8;
T_22.23;
    %jmp/0xz  T_22.21, 4;
    %fork t_1, S_0000025fc460e6b0;
    %jmp t_0;
    .scope S_0000025fc460e6b0;
t_1 ;
    %load/vec4 v0000025fc4629910_0;
    %parti/s 8, 24, 6;
    %dup/vec4;
    %pushi/vec4 0, 0, 8;
    %cmp/u;
    %jmp/1 T_22.30, 6;
    %dup/vec4;
    %pushi/vec4 5, 0, 8;
    %cmp/u;
    %jmp/1 T_22.31, 6;
    %dup/vec4;
    %pushi/vec4 4, 0, 8;
    %cmp/u;
    %jmp/1 T_22.32, 6;
    %dup/vec4;
    %pushi/vec4 1, 0, 8;
    %cmp/u;
    %jmp/1 T_22.33, 6;
    %dup/vec4;
    %pushi/vec4 2, 0, 8;
    %cmp/u;
    %jmp/1 T_22.34, 6;
    %dup/vec4;
    %pushi/vec4 3, 0, 8;
    %cmp/u;
    %jmp/1 T_22.35, 6;
    %dup/vec4;
    %pushi/vec4 6, 0, 8;
    %cmp/u;
    %jmp/1 T_22.36, 6;
    %dup/vec4;
    %pushi/vec4 7, 0, 8;
    %cmp/u;
    %jmp/1 T_22.37, 6;
    %pushi/vec4 1, 0, 16;
    %store/vec4 v0000025fc4628d30_0, 0, 16;
    %jmp T_22.39;
T_22.30 ;
    %pushi/vec4 1, 0, 16;
    %store/vec4 v0000025fc4628d30_0, 0, 16;
    %jmp T_22.39;
T_22.31 ;
    %pushi/vec4 1, 0, 16;
    %store/vec4 v0000025fc4628d30_0, 0, 16;
    %jmp T_22.39;
T_22.32 ;
    %pushi/vec4 2, 0, 16;
    %store/vec4 v0000025fc4628d30_0, 0, 16;
    %jmp T_22.39;
T_22.33 ;
    %pushi/vec4 3, 0, 16;
    %store/vec4 v0000025fc4628d30_0, 0, 16;
    %jmp T_22.39;
T_22.34 ;
    %pushi/vec4 3, 0, 16;
    %store/vec4 v0000025fc4628d30_0, 0, 16;
    %jmp T_22.39;
T_22.35 ;
    %pushi/vec4 5, 0, 16;
    %store/vec4 v0000025fc4628d30_0, 0, 16;
    %jmp T_22.39;
T_22.36 ;
    %pushi/vec4 5, 0, 16;
    %store/vec4 v0000025fc4628d30_0, 0, 16;
    %jmp T_22.39;
T_22.37 ;
    %pushi/vec4 5, 0, 16;
    %store/vec4 v0000025fc4628d30_0, 0, 16;
    %jmp T_22.39;
T_22.39 ;
    %pop/vec4 1;
    %load/vec4 v0000025fc462ac70_0;
    %load/vec4 v0000025fc4628d30_0;
    %add;
    %assign/vec4 v0000025fc462a450_0, 0;
    %load/vec4 v0000025fc4628d30_0;
    %cmpi/e 1, 0, 16;
    %jmp/0xz  T_22.40, 4;
    %pushi/vec4 1, 0, 1;
    %assign/vec4 v0000025fc4627b10_0, 0;
    %pushi/vec4 0, 0, 3;
    %assign/vec4 v0000025fc462b2b0_0, 0;
    %jmp T_22.41;
T_22.40 ;
    %pushi/vec4 1, 0, 3;
    %assign/vec4 v0000025fc4628e70_0, 0;
    %pushi/vec4 1, 0, 1;
    %assign/vec4 v0000025fc46299b0_0, 0;
    %load/vec4 v0000025fc462ac70_0;
    %addi 1, 0, 16;
    %assign/vec4 v0000025fc46292d0_0, 0;
    %pushi/vec4 3, 0, 3;
    %assign/vec4 v0000025fc462b2b0_0, 0;
T_22.41 ;
    %end;
    .scope S_0000025fc460cf40;
t_0 %join;
T_22.21 ;
    %jmp T_22.8;
T_22.5 ;
    %pushi/vec4 4, 0, 3;
    %assign/vec4 v0000025fc462b2b0_0, 0;
    %jmp T_22.8;
T_22.6 ;
    %load/vec4 v0000025fc4628e70_0;
    %dup/vec4;
    %pushi/vec4 1, 0, 3;
    %cmp/u;
    %jmp/1 T_22.42, 6;
    %dup/vec4;
    %pushi/vec4 2, 0, 3;
    %cmp/u;
    %jmp/1 T_22.43, 6;
    %dup/vec4;
    %pushi/vec4 3, 0, 3;
    %cmp/u;
    %jmp/1 T_22.44, 6;
    %dup/vec4;
    %pushi/vec4 4, 0, 3;
    %cmp/u;
    %jmp/1 T_22.45, 6;
    %jmp T_22.47;
T_22.42 ;
    %load/vec4 v0000025fc4629910_0;
    %assign/vec4 v0000025fc462ab30_0, 0;
    %jmp T_22.47;
T_22.43 ;
    %load/vec4 v0000025fc4629910_0;
    %assign/vec4 v0000025fc462c1b0_0, 0;
    %jmp T_22.47;
T_22.44 ;
    %load/vec4 v0000025fc4629910_0;
    %assign/vec4 v0000025fc462ad10_0, 0;
    %jmp T_22.47;
T_22.45 ;
    %load/vec4 v0000025fc4629910_0;
    %assign/vec4 v0000025fc462b030_0, 0;
    %jmp T_22.47;
T_22.47 ;
    %pop/vec4 1;
    %load/vec4 v0000025fc4628e70_0;
    %addi 1, 0, 3;
    %load/vec4 v0000025fc462a130_0;
    %parti/s 3, 0, 2;
    %cmp/e;
    %jmp/0xz  T_22.48, 4;
    %pushi/vec4 1, 0, 1;
    %assign/vec4 v0000025fc4627b10_0, 0;
    %pushi/vec4 0, 0, 3;
    %assign/vec4 v0000025fc462b2b0_0, 0;
    %jmp T_22.49;
T_22.48 ;
    %load/vec4 v0000025fc4628e70_0;
    %addi 1, 0, 3;
    %assign/vec4 v0000025fc4628e70_0, 0;
    %pushi/vec4 1, 0, 1;
    %assign/vec4 v0000025fc46299b0_0, 0;
    %load/vec4 v0000025fc462ac70_0;
    %pushi/vec4 0, 0, 13;
    %load/vec4 v0000025fc4628e70_0;
    %addi 1, 0, 3;
    %concat/vec4; draw_concat_vec4
    %add;
    %assign/vec4 v0000025fc46292d0_0, 0;
    %pushi/vec4 3, 0, 3;
    %assign/vec4 v0000025fc462b2b0_0, 0;
T_22.49 ;
    %jmp T_22.8;
T_22.8 ;
    %pop/vec4 1;
T_22.1 ;
    %jmp T_22;
    .thread T_22;
    .scope S_0000025fc46079a0;
T_23 ;
    %wait E_0000025fc453a4c0;
    %load/vec4 v0000025fc4624dc0_0;
    %parti/s 8, 24, 6;
    %dup/vec4;
    %pushi/vec4 0, 0, 8;
    %cmp/u;
    %jmp/1 T_23.0, 6;
    %dup/vec4;
    %pushi/vec4 1, 0, 8;
    %cmp/u;
    %jmp/1 T_23.1, 6;
    %dup/vec4;
    %pushi/vec4 2, 0, 8;
    %cmp/u;
    %jmp/1 T_23.2, 6;
    %dup/vec4;
    %pushi/vec4 3, 0, 8;
    %cmp/u;
    %jmp/1 T_23.3, 6;
    %dup/vec4;
    %pushi/vec4 4, 0, 8;
    %cmp/u;
    %jmp/1 T_23.4, 6;
    %dup/vec4;
    %pushi/vec4 5, 0, 8;
    %cmp/u;
    %jmp/1 T_23.5, 6;
    %dup/vec4;
    %pushi/vec4 6, 0, 8;
    %cmp/u;
    %jmp/1 T_23.6, 6;
    %dup/vec4;
    %pushi/vec4 7, 0, 8;
    %cmp/u;
    %jmp/1 T_23.7, 6;
    %pushi/vec4 0, 0, 8;
    %store/vec4 v0000025fc4624780_0, 0, 8;
    %jmp T_23.9;
T_23.0 ;
    %pushi/vec4 0, 0, 8;
    %store/vec4 v0000025fc4624780_0, 0, 8;
    %jmp T_23.9;
T_23.1 ;
    %pushi/vec4 1, 0, 8;
    %store/vec4 v0000025fc4624780_0, 0, 8;
    %jmp T_23.9;
T_23.2 ;
    %pushi/vec4 2, 0, 8;
    %store/vec4 v0000025fc4624780_0, 0, 8;
    %jmp T_23.9;
T_23.3 ;
    %pushi/vec4 3, 0, 8;
    %store/vec4 v0000025fc4624780_0, 0, 8;
    %jmp T_23.9;
T_23.4 ;
    %pushi/vec4 4, 0, 8;
    %store/vec4 v0000025fc4624780_0, 0, 8;
    %jmp T_23.9;
T_23.5 ;
    %pushi/vec4 5, 0, 8;
    %store/vec4 v0000025fc4624780_0, 0, 8;
    %jmp T_23.9;
T_23.6 ;
    %pushi/vec4 6, 0, 8;
    %store/vec4 v0000025fc4624780_0, 0, 8;
    %jmp T_23.9;
T_23.7 ;
    %pushi/vec4 7, 0, 8;
    %store/vec4 v0000025fc4624780_0, 0, 8;
    %jmp T_23.9;
T_23.9 ;
    %pop/vec4 1;
    %jmp T_23;
    .thread T_23, $push;
    .scope S_0000025fc4607cc0;
T_24 ;
    %wait E_0000025fc453a440;
    %load/vec4 v0000025fc460b590_0;
    %nor/r;
    %flag_set/vec4 8;
    %jmp/0xz  T_24.0, 8;
    %pushi/vec4 0, 0, 4;
    %assign/vec4 v0000025fc460a410_0, 0;
    %pushi/vec4 0, 0, 386;
    %assign/vec4 v0000025fc460a230_0, 0;
    %pushi/vec4 0, 0, 16;
    %assign/vec4 v0000025fc4608070_0, 0;
    %pushi/vec4 0, 0, 16;
    %assign/vec4 v0000025fc4609010_0, 0;
    %pushi/vec4 0, 0, 16;
    %assign/vec4 v0000025fc4609fb0_0, 0;
    %pushi/vec4 0, 0, 16;
    %assign/vec4 v0000025fc4608430_0, 0;
    %pushi/vec4 0, 0, 16;
    %assign/vec4 v0000025fc4609150_0, 0;
    %pushi/vec4 0, 0, 16;
    %assign/vec4 v0000025fc4608610_0, 0;
    %pushi/vec4 0, 0, 16;
    %assign/vec4 v0000025fc460b3b0_0, 0;
    %pushi/vec4 0, 0, 1;
    %assign/vec4 v0000025fc460aa50_0, 0;
    %pushi/vec4 0, 0, 1;
    %assign/vec4 v0000025fc4609c90_0, 0;
    %pushi/vec4 0, 0, 16;
    %assign/vec4 v0000025fc4608570_0, 0;
    %jmp T_24.1;
T_24.0 ;
    %load/vec4 v0000025fc460bdb0_0;
    %assign/vec4 v0000025fc460a410_0, 0;
    %load/vec4 v0000025fc460a410_0;
    %cmpi/e 0, 0, 4;
    %flag_get/vec4 4;
    %jmp/0 T_24.4, 4;
    %load/vec4 v0000025fc460b630_0;
    %and;
T_24.4;
    %flag_set/vec4 8;
    %jmp/0xz  T_24.2, 8;
    %pushi/vec4 1, 0, 1;
    %assign/vec4 v0000025fc4609c90_0, 0;
    %jmp T_24.3;
T_24.2 ;
    %load/vec4 v0000025fc460a410_0;
    %cmpi/e 10, 0, 4;
    %jmp/0xz  T_24.5, 4;
    %pushi/vec4 1, 0, 1;
    %assign/vec4 v0000025fc4609c90_0, 0;
    %jmp T_24.6;
T_24.5 ;
    %load/vec4 v0000025fc4609c90_0;
    %flag_set/vec4 8;
    %jmp/0xz  T_24.7, 8;
    %pushi/vec4 0, 0, 1;
    %assign/vec4 v0000025fc4609c90_0, 0;
T_24.7 ;
T_24.6 ;
T_24.3 ;
    %load/vec4 v0000025fc460a410_0;
    %cmpi/e 1, 0, 4;
    %flag_get/vec4 4;
    %jmp/0 T_24.11, 4;
    %load/vec4 v0000025fc460a0f0_0;
    %and;
T_24.11;
    %flag_set/vec4 8;
    %jmp/0xz  T_24.9, 8;
    %load/vec4 v0000025fc460a050_0;
    %parti/u 16, 0, 32;
    %assign/vec4 v0000025fc4608070_0, 0;
T_24.9 ;
    %load/vec4 v0000025fc460a410_0;
    %cmpi/e 2, 0, 4;
    %jmp/0xz  T_24.12, 4;
    %load/vec4 v0000025fc460a050_0;
    %assign/vec4 v0000025fc460a230_0, 0;
T_24.12 ;
    %load/vec4 v0000025fc460a410_0;
    %cmpi/e 3, 0, 4;
    %jmp/0xz  T_24.14, 4;
    %pushi/vec4 0, 0, 16;
    %assign/vec4 v0000025fc4609150_0, 0;
    %pushi/vec4 0, 0, 16;
    %assign/vec4 v0000025fc4608610_0, 0;
    %pushi/vec4 0, 0, 1;
    %assign/vec4 v0000025fc460aa50_0, 0;
    %pushi/vec4 0, 0, 16;
    %assign/vec4 v0000025fc460b3b0_0, 0;
    %load/vec4 v0000025fc460a230_0;
    %parti/u 8, 376, 32;
    %dup/vec4;
    %pushi/vec4 1, 0, 8;
    %cmp/u;
    %jmp/1 T_24.16, 6;
    %dup/vec4;
    %pushi/vec4 2, 0, 8;
    %cmp/u;
    %jmp/1 T_24.17, 6;
    %dup/vec4;
    %pushi/vec4 4, 0, 8;
    %cmp/u;
    %jmp/1 T_24.18, 6;
    %jmp T_24.20;
T_24.16 ;
    %load/vec4 v0000025fc460a230_0;
    %parti/u 16, 336, 32;
    %assign/vec4 v0000025fc4609010_0, 0;
    %load/vec4 v0000025fc460a230_0;
    %parti/u 16, 320, 32;
    %assign/vec4 v0000025fc4609fb0_0, 0;
    %load/vec4 v0000025fc460a230_0;
    %parti/u 16, 144, 32;
    %assign/vec4 v0000025fc4608430_0, 0;
    %jmp T_24.20;
T_24.17 ;
    %load/vec4 v0000025fc460a230_0;
    %parti/u 16, 320, 32;
    %assign/vec4 v0000025fc4609010_0, 0;
    %load/vec4 v0000025fc460a230_0;
    %parti/u 16, 336, 32;
    %assign/vec4 v0000025fc4609fb0_0, 0;
    %load/vec4 v0000025fc460a230_0;
    %parti/u 16, 144, 32;
    %assign/vec4 v0000025fc4608430_0, 0;
    %jmp T_24.20;
T_24.18 ;
    %load/vec4 v0000025fc460a230_0;
    %parti/u 16, 320, 32;
    %assign/vec4 v0000025fc4608570_0, 0;
    %load/vec4 v0000025fc460a230_0;
    %parti/u 16, 320, 32;
    %assign/vec4 v0000025fc4609fb0_0, 0;
    %load/vec4 v0000025fc460a230_0;
    %parti/u 16, 144, 32;
    %assign/vec4 v0000025fc4608430_0, 0;
    %jmp T_24.20;
T_24.20 ;
    %pop/vec4 1;
T_24.14 ;
    %load/vec4 v0000025fc460a410_0;
    %cmpi/e 4, 0, 4;
    %jmp/1 T_24.24, 4;
    %flag_mov 8, 4;
    %load/vec4 v0000025fc460a410_0;
    %cmpi/e 5, 0, 4;
    %flag_or 4, 8;
T_24.24;
    %jmp/1 T_24.23, 4;
    %flag_mov 8, 4;
    %load/vec4 v0000025fc460a410_0;
    %cmpi/e 8, 0, 4;
    %flag_or 4, 8;
T_24.23;
    %jmp/0xz  T_24.21, 4;
    %load/vec4 v0000025fc4609150_0;
    %load/vec4 v0000025fc4608430_0;
    %cmp/u;
    %jmp/0xz  T_24.25, 5;
    %load/vec4 v0000025fc4609150_0;
    %addi 1, 0, 16;
    %assign/vec4 v0000025fc4609150_0, 0;
    %load/vec4 v0000025fc4609fb0_0;
    %load/vec4 v0000025fc4609150_0;
    %add;
    %assign/vec4 v0000025fc460b3b0_0, 0;
    %pushi/vec4 1, 0, 1;
    %assign/vec4 v0000025fc460aa50_0, 0;
    %jmp T_24.26;
T_24.25 ;
    %pushi/vec4 0, 0, 1;
    %assign/vec4 v0000025fc460aa50_0, 0;
T_24.26 ;
    %load/vec4 v0000025fc460aa50_0;
    %flag_set/vec4 8;
    %jmp/0xz  T_24.27, 8;
    %load/vec4 v0000025fc4608610_0;
    %addi 1, 0, 16;
    %assign/vec4 v0000025fc4608610_0, 0;
T_24.27 ;
T_24.21 ;
T_24.1 ;
    %jmp T_24;
    .thread T_24;
    .scope S_0000025fc4607cc0;
T_25 ;
Ewait_0 .event/or E_0000025fc453a580, E_0x0;
    %wait Ewait_0;
    %load/vec4 v0000025fc460a410_0;
    %store/vec4 v0000025fc460bdb0_0, 0, 4;
    %pushi/vec4 0, 0, 1;
    %store/vec4 v0000025fc4607f30_0, 0, 1;
    %pushi/vec4 0, 0, 1;
    %store/vec4 v0000025fc4609a10_0, 0, 1;
    %pushi/vec4 0, 0, 1;
    %store/vec4 v0000025fc4609ab0_0, 0, 1;
    %pushi/vec4 0, 0, 8;
    %store/vec4 v0000025fc4609b50_0, 0, 8;
    %pushi/vec4 0, 0, 1;
    %store/vec4 v0000025fc4607fd0_0, 0, 1;
    %pushi/vec4 0, 0, 1;
    %store/vec4 v0000025fc460b950_0, 0, 1;
    %load/vec4 v0000025fc4608070_0;
    %store/vec4 v0000025fc460b4f0_0, 0, 16;
    %pushi/vec4 0, 0, 1;
    %store/vec4 v0000025fc460a550_0, 0, 1;
    %load/vec4 v0000025fc460a230_0;
    %parti/u 16, 304, 32;
    %store/vec4 v0000025fc46091f0_0, 0, 16;
    %load/vec4 v0000025fc460a230_0;
    %parti/u 16, 288, 32;
    %store/vec4 v0000025fc46098d0_0, 0, 16;
    %load/vec4 v0000025fc460a230_0;
    %parti/u 16, 272, 32;
    %store/vec4 v0000025fc4609330_0, 0, 16;
    %load/vec4 v0000025fc460a230_0;
    %parti/u 16, 256, 32;
    %store/vec4 v0000025fc46095b0_0, 0, 16;
    %load/vec4 v0000025fc460a230_0;
    %parti/u 16, 240, 32;
    %store/vec4 v0000025fc460a5f0_0, 0, 16;
    %load/vec4 v0000025fc460a230_0;
    %parti/u 16, 224, 32;
    %store/vec4 v0000025fc46093d0_0, 0, 16;
    %load/vec4 v0000025fc460a230_0;
    %parti/u 8, 360, 32;
    %store/vec4 v0000025fc4609dd0_0, 0, 8;
    %load/vec4 v0000025fc460a230_0;
    %parti/u 32, 160, 32;
    %store/vec4 v0000025fc46096f0_0, 0, 32;
    %load/vec4 v0000025fc460a230_0;
    %parti/u 8, 352, 32;
    %store/vec4 v0000025fc4609830_0, 0, 8;
    %pushi/vec4 0, 0, 1;
    %store/vec4 v0000025fc460aeb0_0, 0, 1;
    %pushi/vec4 0, 0, 16;
    %store/vec4 v0000025fc460acd0_0, 0, 16;
    %pushi/vec4 0, 0, 8;
    %store/vec4 v0000025fc460ad70_0, 0, 8;
    %pushi/vec4 0, 0, 1;
    %store/vec4 v0000025fc460b310_0, 0, 1;
    %pushi/vec4 0, 0, 16;
    %store/vec4 v0000025fc460ac30_0, 0, 16;
    %pushi/vec4 0, 0, 1;
    %store/vec4 v0000025fc4609f10_0, 0, 1;
    %pushi/vec4 0, 0, 16;
    %store/vec4 v0000025fc4609d30_0, 0, 16;
    %pushi/vec4 0, 0, 1;
    %store/vec4 v0000025fc460a9b0_0, 0, 1;
    %pushi/vec4 0, 0, 16;
    %store/vec4 v0000025fc460a910_0, 0, 16;
    %pushi/vec4 0, 0, 8;
    %store/vec4 v0000025fc460ae10_0, 0, 8;
    %load/vec4 v0000025fc460a410_0;
    %dup/vec4;
    %pushi/vec4 0, 0, 4;
    %cmp/u;
    %jmp/1 T_25.0, 6;
    %dup/vec4;
    %pushi/vec4 1, 0, 4;
    %cmp/u;
    %jmp/1 T_25.1, 6;
    %dup/vec4;
    %pushi/vec4 2, 0, 4;
    %cmp/u;
    %jmp/1 T_25.2, 6;
    %dup/vec4;
    %pushi/vec4 3, 0, 4;
    %cmp/u;
    %jmp/1 T_25.3, 6;
    %dup/vec4;
    %pushi/vec4 4, 0, 4;
    %cmp/u;
    %jmp/1 T_25.4, 6;
    %dup/vec4;
    %pushi/vec4 5, 0, 4;
    %cmp/u;
    %jmp/1 T_25.5, 6;
    %dup/vec4;
    %pushi/vec4 6, 0, 4;
    %cmp/u;
    %jmp/1 T_25.6, 6;
    %dup/vec4;
    %pushi/vec4 7, 0, 4;
    %cmp/u;
    %jmp/1 T_25.7, 6;
    %dup/vec4;
    %pushi/vec4 8, 0, 4;
    %cmp/u;
    %jmp/1 T_25.8, 6;
    %dup/vec4;
    %pushi/vec4 9, 0, 4;
    %cmp/u;
    %jmp/1 T_25.9, 6;
    %dup/vec4;
    %pushi/vec4 10, 0, 4;
    %cmp/u;
    %jmp/1 T_25.10, 6;
    %dup/vec4;
    %pushi/vec4 12, 0, 4;
    %cmp/u;
    %jmp/1 T_25.11, 6;
    %dup/vec4;
    %pushi/vec4 11, 0, 4;
    %cmp/u;
    %jmp/1 T_25.12, 6;
    %dup/vec4;
    %pushi/vec4 13, 0, 4;
    %cmp/u;
    %jmp/1 T_25.13, 6;
    %pushi/vec4 0, 0, 4;
    %store/vec4 v0000025fc460bdb0_0, 0, 4;
    %jmp T_25.15;
T_25.0 ;
    %pushi/vec4 0, 0, 1;
    %store/vec4 v0000025fc4607f30_0, 0, 1;
    %load/vec4 v0000025fc460b630_0;
    %flag_set/vec4 8;
    %jmp/0xz  T_25.16, 8;
    %pushi/vec4 1, 0, 4;
    %store/vec4 v0000025fc460bdb0_0, 0, 4;
T_25.16 ;
    %jmp T_25.15;
T_25.1 ;
    %pushi/vec4 1, 0, 1;
    %store/vec4 v0000025fc4607f30_0, 0, 1;
    %load/vec4 v0000025fc4609c90_0;
    %store/vec4 v0000025fc4607fd0_0, 0, 1;
    %load/vec4 v0000025fc4609bf0_0;
    %flag_set/vec4 8;
    %jmp/0xz  T_25.18, 8;
    %pushi/vec4 13, 0, 4;
    %store/vec4 v0000025fc460bdb0_0, 0, 4;
    %jmp T_25.19;
T_25.18 ;
    %load/vec4 v0000025fc460a0f0_0;
    %flag_set/vec4 8;
    %jmp/0xz  T_25.20, 8;
    %pushi/vec4 2, 0, 4;
    %store/vec4 v0000025fc460bdb0_0, 0, 4;
    %jmp T_25.21;
T_25.20 ;
    %pushi/vec4 1, 0, 4;
    %store/vec4 v0000025fc460bdb0_0, 0, 4;
T_25.21 ;
T_25.19 ;
    %jmp T_25.15;
T_25.2 ;
    %pushi/vec4 1, 0, 1;
    %store/vec4 v0000025fc4607f30_0, 0, 1;
    %pushi/vec4 3, 0, 4;
    %store/vec4 v0000025fc460bdb0_0, 0, 4;
    %jmp T_25.15;
T_25.3 ;
    %pushi/vec4 1, 0, 1;
    %store/vec4 v0000025fc4607f30_0, 0, 1;
    %load/vec4 v0000025fc460a230_0;
    %parti/u 1, 384, 32;
    %flag_set/vec4 8;
    %jmp/0xz  T_25.22, 8;
    %pushi/vec4 13, 0, 4;
    %store/vec4 v0000025fc460bdb0_0, 0, 4;
    %jmp T_25.23;
T_25.22 ;
    %load/vec4 v0000025fc460a230_0;
    %parti/u 8, 376, 32;
    %dup/vec4;
    %pushi/vec4 0, 0, 8;
    %cmp/u;
    %jmp/1 T_25.24, 6;
    %dup/vec4;
    %pushi/vec4 1, 0, 8;
    %cmp/u;
    %jmp/1 T_25.25, 6;
    %dup/vec4;
    %pushi/vec4 2, 0, 8;
    %cmp/u;
    %jmp/1 T_25.26, 6;
    %dup/vec4;
    %pushi/vec4 3, 0, 8;
    %cmp/u;
    %jmp/1 T_25.27, 6;
    %dup/vec4;
    %pushi/vec4 4, 0, 8;
    %cmp/u;
    %jmp/1 T_25.28, 6;
    %dup/vec4;
    %pushi/vec4 5, 0, 8;
    %cmp/u;
    %jmp/1 T_25.29, 6;
    %pushi/vec4 13, 0, 4;
    %store/vec4 v0000025fc460bdb0_0, 0, 4;
    %jmp T_25.31;
T_25.24 ;
    %pushi/vec4 9, 0, 4;
    %store/vec4 v0000025fc460bdb0_0, 0, 4;
    %jmp T_25.31;
T_25.25 ;
    %pushi/vec4 4, 0, 4;
    %store/vec4 v0000025fc460bdb0_0, 0, 4;
    %jmp T_25.31;
T_25.26 ;
    %pushi/vec4 5, 0, 4;
    %store/vec4 v0000025fc460bdb0_0, 0, 4;
    %jmp T_25.31;
T_25.27 ;
    %pushi/vec4 6, 0, 4;
    %store/vec4 v0000025fc460bdb0_0, 0, 4;
    %jmp T_25.31;
T_25.28 ;
    %pushi/vec4 8, 0, 4;
    %store/vec4 v0000025fc460bdb0_0, 0, 4;
    %jmp T_25.31;
T_25.29 ;
    %pushi/vec4 12, 0, 4;
    %store/vec4 v0000025fc460bdb0_0, 0, 4;
    %jmp T_25.31;
T_25.31 ;
    %pop/vec4 1;
T_25.23 ;
    %jmp T_25.15;
T_25.4 ;
    %pushi/vec4 1, 0, 1;
    %store/vec4 v0000025fc4607f30_0, 0, 1;
    %load/vec4 v0000025fc4608430_0;
    %cmpi/e 0, 0, 16;
    %jmp/1 T_25.34, 4;
    %flag_mov 8, 4;
    %load/vec4 v0000025fc460aa50_0;
    %flag_set/vec4 10;
    %flag_get/vec4 10;
    %jmp/0 T_25.35, 10;
    %load/vec4 v0000025fc4608610_0;
    %addi 1, 0, 16;
    %load/vec4 v0000025fc4608430_0;
    %cmp/e;
    %flag_get/vec4 4;
    %and;
T_25.35;
    %flag_set/vec4 9;
    %flag_or 9, 8;
    %flag_mov 4, 9;
T_25.34;
    %jmp/0xz  T_25.32, 4;
    %load/vec4 v0000025fc460aa50_0;
    %flag_set/vec4 8;
    %jmp/0xz  T_25.36, 8;
    %pushi/vec4 1, 0, 1;
    %store/vec4 v0000025fc460aeb0_0, 0, 1;
    %load/vec4 v0000025fc460b3b0_0;
    %store/vec4 v0000025fc460acd0_0, 0, 16;
    %load/vec4 v0000025fc4609e70_0;
    %store/vec4 v0000025fc460ad70_0, 0, 8;
T_25.36 ;
    %pushi/vec4 10, 0, 4;
    %store/vec4 v0000025fc460bdb0_0, 0, 4;
    %jmp T_25.33;
T_25.32 ;
    %load/vec4 v0000025fc4609150_0;
    %load/vec4 v0000025fc4608430_0;
    %cmp/u;
    %jmp/0xz  T_25.38, 5;
    %pushi/vec4 1, 0, 1;
    %store/vec4 v0000025fc4609f10_0, 0, 1;
    %load/vec4 v0000025fc4609010_0;
    %load/vec4 v0000025fc4609150_0;
    %add;
    %store/vec4 v0000025fc4609d30_0, 0, 16;
T_25.38 ;
    %load/vec4 v0000025fc460aa50_0;
    %flag_set/vec4 8;
    %jmp/0xz  T_25.40, 8;
    %pushi/vec4 1, 0, 1;
    %store/vec4 v0000025fc460aeb0_0, 0, 1;
    %load/vec4 v0000025fc460b3b0_0;
    %store/vec4 v0000025fc460acd0_0, 0, 16;
    %load/vec4 v0000025fc4609e70_0;
    %store/vec4 v0000025fc460ad70_0, 0, 8;
T_25.40 ;
    %pushi/vec4 4, 0, 4;
    %store/vec4 v0000025fc460bdb0_0, 0, 4;
T_25.33 ;
    %jmp T_25.15;
T_25.5 ;
    %pushi/vec4 1, 0, 1;
    %store/vec4 v0000025fc4607f30_0, 0, 1;
    %load/vec4 v0000025fc4608430_0;
    %cmpi/e 0, 0, 16;
    %jmp/1 T_25.44, 4;
    %flag_mov 8, 4;
    %load/vec4 v0000025fc460aa50_0;
    %flag_set/vec4 10;
    %flag_get/vec4 10;
    %jmp/0 T_25.45, 10;
    %load/vec4 v0000025fc4608610_0;
    %addi 1, 0, 16;
    %load/vec4 v0000025fc4608430_0;
    %cmp/e;
    %flag_get/vec4 4;
    %and;
T_25.45;
    %flag_set/vec4 9;
    %flag_or 9, 8;
    %flag_mov 4, 9;
T_25.44;
    %jmp/0xz  T_25.42, 4;
    %load/vec4 v0000025fc460aa50_0;
    %flag_set/vec4 8;
    %jmp/0xz  T_25.46, 8;
    %pushi/vec4 1, 0, 1;
    %store/vec4 v0000025fc460a9b0_0, 0, 1;
    %load/vec4 v0000025fc460b3b0_0;
    %store/vec4 v0000025fc460a910_0, 0, 16;
    %load/vec4 v0000025fc460b770_0;
    %store/vec4 v0000025fc460ae10_0, 0, 8;
T_25.46 ;
    %pushi/vec4 10, 0, 4;
    %store/vec4 v0000025fc460bdb0_0, 0, 4;
    %jmp T_25.43;
T_25.42 ;
    %load/vec4 v0000025fc4609150_0;
    %load/vec4 v0000025fc4608430_0;
    %cmp/u;
    %jmp/0xz  T_25.48, 5;
    %pushi/vec4 1, 0, 1;
    %store/vec4 v0000025fc460b310_0, 0, 1;
    %load/vec4 v0000025fc4609010_0;
    %load/vec4 v0000025fc4609150_0;
    %add;
    %store/vec4 v0000025fc460ac30_0, 0, 16;
T_25.48 ;
    %load/vec4 v0000025fc460aa50_0;
    %flag_set/vec4 8;
    %jmp/0xz  T_25.50, 8;
    %pushi/vec4 1, 0, 1;
    %store/vec4 v0000025fc460a9b0_0, 0, 1;
    %load/vec4 v0000025fc460b3b0_0;
    %store/vec4 v0000025fc460a910_0, 0, 16;
    %load/vec4 v0000025fc460b770_0;
    %store/vec4 v0000025fc460ae10_0, 0, 8;
T_25.50 ;
    %pushi/vec4 5, 0, 4;
    %store/vec4 v0000025fc460bdb0_0, 0, 4;
T_25.43 ;
    %jmp T_25.15;
T_25.6 ;
    %pushi/vec4 1, 0, 1;
    %store/vec4 v0000025fc4607f30_0, 0, 1;
    %pushi/vec4 1, 0, 1;
    %store/vec4 v0000025fc460a550_0, 0, 1;
    %pushi/vec4 7, 0, 4;
    %store/vec4 v0000025fc460bdb0_0, 0, 4;
    %jmp T_25.15;
T_25.7 ;
    %pushi/vec4 1, 0, 1;
    %store/vec4 v0000025fc4607f30_0, 0, 1;
    %load/vec4 v0000025fc4608c50_0;
    %flag_set/vec4 8;
    %jmp/0xz  T_25.52, 8;
    %pushi/vec4 13, 0, 4;
    %store/vec4 v0000025fc460bdb0_0, 0, 4;
    %jmp T_25.53;
T_25.52 ;
    %load/vec4 v0000025fc4609650_0;
    %flag_set/vec4 8;
    %jmp/0xz  T_25.54, 8;
    %pushi/vec4 10, 0, 4;
    %store/vec4 v0000025fc460bdb0_0, 0, 4;
    %jmp T_25.55;
T_25.54 ;
    %pushi/vec4 7, 0, 4;
    %store/vec4 v0000025fc460bdb0_0, 0, 4;
T_25.55 ;
T_25.53 ;
    %jmp T_25.15;
T_25.8 ;
    %pushi/vec4 1, 0, 1;
    %store/vec4 v0000025fc4607f30_0, 0, 1;
    %load/vec4 v0000025fc4608430_0;
    %cmpi/e 0, 0, 16;
    %jmp/1 T_25.58, 4;
    %flag_mov 8, 4;
    %load/vec4 v0000025fc460aa50_0;
    %flag_set/vec4 10;
    %flag_get/vec4 10;
    %jmp/0 T_25.59, 10;
    %load/vec4 v0000025fc4608610_0;
    %addi 1, 0, 16;
    %load/vec4 v0000025fc4608430_0;
    %cmp/e;
    %flag_get/vec4 4;
    %and;
T_25.59;
    %flag_set/vec4 9;
    %flag_or 9, 8;
    %flag_mov 4, 9;
T_25.58;
    %jmp/0xz  T_25.56, 4;
    %load/vec4 v0000025fc460aa50_0;
    %flag_set/vec4 8;
    %jmp/0xz  T_25.60, 8;
    %fork t_3, S_0000025fc4605f10;
    %jmp t_2;
    .scope S_0000025fc4605f10;
t_3 ;
    %load/vec4 v0000025fc460b770_0;
    %store/vec4 v0000025fc4608e30_0, 0, 8;
    %load/vec4 v0000025fc460a230_0;
    %parti/u 8, 360, 32;
    %dup/vec4;
    %pushi/vec4 1, 0, 8;
    %cmp/u;
    %jmp/1 T_25.62, 6;
    %dup/vec4;
    %pushi/vec4 2, 0, 8;
    %cmp/u;
    %jmp/1 T_25.63, 6;
    %load/vec4 v0000025fc4608e30_0;
    %store/vec4 v0000025fc46081b0_0, 0, 8;
    %jmp T_25.65;
T_25.62 ;
    %load/vec4 v0000025fc4608e30_0;
    %cmpi/s 0, 0, 8;
    %flag_mov 8, 5;
    %jmp/0 T_25.66, 8;
    %pushi/vec4 0, 0, 8;
    %jmp/1 T_25.67, 8;
T_25.66 ; End of true expr.
    %load/vec4 v0000025fc4608e30_0;
    %jmp/0 T_25.67, 8;
 ; End of false expr.
    %blend;
T_25.67;
    %store/vec4 v0000025fc46081b0_0, 0, 8;
    %jmp T_25.65;
T_25.63 ;
    %load/vec4 v0000025fc4608e30_0;
    %cmpi/s 0, 0, 8;
    %flag_mov 8, 5;
    %jmp/0 T_25.68, 8;
    %pushi/vec4 0, 0, 8;
    %jmp/1 T_25.69, 8;
T_25.68 ; End of true expr.
    %load/vec4 v0000025fc4608e30_0;
    %cmpi/u 127, 0, 8;
    %flag_or 5, 4; GT is !LE
    %flag_inv 5;
    %flag_mov 9, 5;
    %jmp/0 T_25.70, 9;
    %pushi/vec4 127, 0, 8;
    %jmp/1 T_25.71, 9;
T_25.70 ; End of true expr.
    %load/vec4 v0000025fc4608e30_0;
    %jmp/0 T_25.71, 9;
 ; End of false expr.
    %blend;
T_25.71;
    %jmp/0 T_25.69, 8;
 ; End of false expr.
    %blend;
T_25.69;
    %store/vec4 v0000025fc46081b0_0, 0, 8;
    %jmp T_25.65;
T_25.65 ;
    %pop/vec4 1;
    %pushi/vec4 1, 0, 1;
    %store/vec4 v0000025fc460aeb0_0, 0, 1;
    %load/vec4 v0000025fc460b3b0_0;
    %store/vec4 v0000025fc460acd0_0, 0, 16;
    %load/vec4 v0000025fc46081b0_0;
    %store/vec4 v0000025fc460ad70_0, 0, 8;
    %end;
    .scope S_0000025fc4607cc0;
t_2 %join;
T_25.60 ;
    %pushi/vec4 10, 0, 4;
    %store/vec4 v0000025fc460bdb0_0, 0, 4;
    %jmp T_25.57;
T_25.56 ;
    %load/vec4 v0000025fc4609150_0;
    %load/vec4 v0000025fc4608430_0;
    %cmp/u;
    %jmp/0xz  T_25.72, 5;
    %pushi/vec4 1, 0, 1;
    %store/vec4 v0000025fc460b310_0, 0, 1;
    %load/vec4 v0000025fc4608570_0;
    %load/vec4 v0000025fc4609150_0;
    %add;
    %store/vec4 v0000025fc460ac30_0, 0, 16;
T_25.72 ;
    %load/vec4 v0000025fc460aa50_0;
    %flag_set/vec4 8;
    %jmp/0xz  T_25.74, 8;
    %fork t_5, S_0000025fc4606a00;
    %jmp t_4;
    .scope S_0000025fc4606a00;
t_5 ;
    %load/vec4 v0000025fc460b770_0;
    %store/vec4 v0000025fc46090b0_0, 0, 8;
    %load/vec4 v0000025fc460a230_0;
    %parti/u 8, 360, 32;
    %dup/vec4;
    %pushi/vec4 1, 0, 8;
    %cmp/u;
    %jmp/1 T_25.76, 6;
    %dup/vec4;
    %pushi/vec4 2, 0, 8;
    %cmp/u;
    %jmp/1 T_25.77, 6;
    %load/vec4 v0000025fc46090b0_0;
    %store/vec4 v0000025fc4608930_0, 0, 8;
    %jmp T_25.79;
T_25.76 ;
    %load/vec4 v0000025fc46090b0_0;
    %cmpi/s 0, 0, 8;
    %flag_mov 8, 5;
    %jmp/0 T_25.80, 8;
    %pushi/vec4 0, 0, 8;
    %jmp/1 T_25.81, 8;
T_25.80 ; End of true expr.
    %load/vec4 v0000025fc46090b0_0;
    %jmp/0 T_25.81, 8;
 ; End of false expr.
    %blend;
T_25.81;
    %store/vec4 v0000025fc4608930_0, 0, 8;
    %jmp T_25.79;
T_25.77 ;
    %load/vec4 v0000025fc46090b0_0;
    %cmpi/s 0, 0, 8;
    %flag_mov 8, 5;
    %jmp/0 T_25.82, 8;
    %pushi/vec4 0, 0, 8;
    %jmp/1 T_25.83, 8;
T_25.82 ; End of true expr.
    %load/vec4 v0000025fc46090b0_0;
    %cmpi/u 127, 0, 8;
    %flag_or 5, 4; GT is !LE
    %flag_inv 5;
    %flag_mov 9, 5;
    %jmp/0 T_25.84, 9;
    %pushi/vec4 127, 0, 8;
    %jmp/1 T_25.85, 9;
T_25.84 ; End of true expr.
    %load/vec4 v0000025fc46090b0_0;
    %jmp/0 T_25.85, 9;
 ; End of false expr.
    %blend;
T_25.85;
    %jmp/0 T_25.83, 8;
 ; End of false expr.
    %blend;
T_25.83;
    %store/vec4 v0000025fc4608930_0, 0, 8;
    %jmp T_25.79;
T_25.79 ;
    %pop/vec4 1;
    %pushi/vec4 1, 0, 1;
    %store/vec4 v0000025fc460aeb0_0, 0, 1;
    %load/vec4 v0000025fc460b3b0_0;
    %store/vec4 v0000025fc460acd0_0, 0, 16;
    %load/vec4 v0000025fc4608930_0;
    %store/vec4 v0000025fc460ad70_0, 0, 8;
    %end;
    .scope S_0000025fc4607cc0;
t_4 %join;
T_25.74 ;
    %pushi/vec4 8, 0, 4;
    %store/vec4 v0000025fc460bdb0_0, 0, 4;
T_25.57 ;
    %jmp T_25.15;
T_25.9 ;
    %pushi/vec4 1, 0, 1;
    %store/vec4 v0000025fc4607f30_0, 0, 1;
    %pushi/vec4 10, 0, 4;
    %store/vec4 v0000025fc460bdb0_0, 0, 4;
    %jmp T_25.15;
T_25.10 ;
    %pushi/vec4 1, 0, 1;
    %store/vec4 v0000025fc4607f30_0, 0, 1;
    %pushi/vec4 1, 0, 1;
    %store/vec4 v0000025fc460b950_0, 0, 1;
    %load/vec4 v0000025fc4608070_0;
    %store/vec4 v0000025fc460b4f0_0, 0, 16;
    %pushi/vec4 1, 0, 4;
    %store/vec4 v0000025fc460bdb0_0, 0, 4;
    %jmp T_25.15;
T_25.11 ;
    %pushi/vec4 1, 0, 1;
    %store/vec4 v0000025fc4607f30_0, 0, 1;
    %pushi/vec4 11, 0, 4;
    %store/vec4 v0000025fc460bdb0_0, 0, 4;
    %jmp T_25.15;
T_25.12 ;
    %pushi/vec4 0, 0, 1;
    %store/vec4 v0000025fc4607f30_0, 0, 1;
    %pushi/vec4 1, 0, 1;
    %store/vec4 v0000025fc4609a10_0, 0, 1;
    %pushi/vec4 0, 0, 4;
    %store/vec4 v0000025fc460bdb0_0, 0, 4;
    %jmp T_25.15;
T_25.13 ;
    %pushi/vec4 1, 0, 1;
    %store/vec4 v0000025fc4609ab0_0, 0, 1;
    %load/vec4 v0000025fc4609bf0_0;
    %flag_set/vec4 8;
    %jmp/0xz  T_25.86, 8;
    %pushi/vec4 1, 0, 8;
    %store/vec4 v0000025fc4609b50_0, 0, 8;
    %jmp T_25.87;
T_25.86 ;
    %load/vec4 v0000025fc460a230_0;
    %parti/u 1, 384, 32;
    %flag_set/vec4 8;
    %jmp/0xz  T_25.88, 8;
    %pushi/vec4 2, 0, 8;
    %store/vec4 v0000025fc4609b50_0, 0, 8;
    %jmp T_25.89;
T_25.88 ;
    %load/vec4 v0000025fc4608c50_0;
    %flag_set/vec4 8;
    %jmp/0xz  T_25.90, 8;
    %pushi/vec4 3, 0, 8;
    %store/vec4 v0000025fc4609b50_0, 0, 8;
    %jmp T_25.91;
T_25.90 ;
    %pushi/vec4 4, 0, 8;
    %store/vec4 v0000025fc4609b50_0, 0, 8;
T_25.91 ;
T_25.89 ;
T_25.87 ;
    %pushi/vec4 13, 0, 4;
    %store/vec4 v0000025fc460bdb0_0, 0, 4;
    %jmp T_25.15;
T_25.15 ;
    %pop/vec4 1;
    %jmp T_25;
    .thread T_25, $push;
    .scope S_0000025fc460eb60;
T_26 ;
Ewait_1 .event/or E_0000025fc453d680, E_0x0;
    %wait Ewait_1;
    %load/vec4 v0000025fc4633090_0;
    %dup/vec4;
    %pushi/vec4 1, 0, 3;
    %cmp/u;
    %jmp/1 T_26.0, 6;
    %dup/vec4;
    %pushi/vec4 2, 0, 3;
    %cmp/u;
    %jmp/1 T_26.1, 6;
    %dup/vec4;
    %pushi/vec4 3, 0, 3;
    %cmp/u;
    %jmp/1 T_26.2, 6;
    %dup/vec4;
    %pushi/vec4 4, 0, 3;
    %cmp/u;
    %jmp/1 T_26.3, 6;
    %dup/vec4;
    %pushi/vec4 5, 0, 3;
    %cmp/u;
    %jmp/1 T_26.4, 6;
    %pushi/vec4 0, 0, 8;
    %store/vec4 v0000025fc462ce30_0, 0, 8;
    %jmp T_26.6;
T_26.0 ;
    %load/vec4 v0000025fc462c9d0_0;
    %store/vec4 v0000025fc462ce30_0, 0, 8;
    %jmp T_26.6;
T_26.1 ;
    %load/vec4 v0000025fc4632a50_0;
    %store/vec4 v0000025fc462ce30_0, 0, 8;
    %jmp T_26.6;
T_26.2 ;
    %load/vec4 v0000025fc4631290_0;
    %store/vec4 v0000025fc462ce30_0, 0, 8;
    %jmp T_26.6;
T_26.3 ;
    %load/vec4 v0000025fc462b710_0;
    %store/vec4 v0000025fc462ce30_0, 0, 8;
    %jmp T_26.6;
T_26.4 ;
    %load/vec4 v0000025fc4631ab0_0;
    %store/vec4 v0000025fc462ce30_0, 0, 8;
    %jmp T_26.6;
T_26.6 ;
    %pop/vec4 1;
    %jmp T_26;
    .thread T_26, $push;
    .scope S_0000025fc460e9d0;
T_27 ;
    %wait E_0000025fc453b080;
    %load/vec4 v0000025fc462c610_0;
    %flag_set/vec4 8;
    %jmp/0xz  T_27.0, 8;
    %load/vec4 v0000025fc462af90_0;
    %load/vec4 v0000025fc462c4d0_0;
    %pad/u 12;
    %ix/vec4 3;
    %ix/load 4, 0, 0; Constant delay
    %assign/vec4/a/d v0000025fc462aef0, 0, 4;
T_27.0 ;
    %load/vec4 v0000025fc462ae50_0;
    %flag_set/vec4 8;
    %jmp/0xz  T_27.2, 8;
    %load/vec4 v0000025fc462a1d0_0;
    %pad/u 12;
    %ix/vec4 4;
    %load/vec4a v0000025fc462aef0, 4;
    %assign/vec4 v0000025fc462c430_0, 0;
T_27.2 ;
    %jmp T_27;
    .thread T_27;
    .scope S_0000025fc46063c0;
T_28 ;
    %wait E_0000025fc453b080;
    %load/vec4 v0000025fc4608ed0_0;
    %flag_set/vec4 8;
    %jmp/0xz  T_28.0, 8;
    %load/vec4 v0000025fc4609790_0;
    %load/vec4 v0000025fc4609510_0;
    %pad/u 18;
    %ix/vec4 3;
    %ix/load 4, 0, 0; Constant delay
    %assign/vec4/a/d v0000025fc4608890, 0, 4;
T_28.0 ;
    %load/vec4 v0000025fc4608750_0;
    %flag_set/vec4 8;
    %jmp/0xz  T_28.2, 8;
    %load/vec4 v0000025fc46084d0_0;
    %pad/u 18;
    %ix/vec4 4;
    %load/vec4a v0000025fc4608890, 4;
    %assign/vec4 v0000025fc460a190_0, 0;
T_28.2 ;
    %jmp T_28;
    .thread T_28;
    .scope S_0000025fc460e840;
T_29 ;
    %wait E_0000025fc453b080;
    %load/vec4 v0000025fc462c250_0;
    %flag_set/vec4 8;
    %jmp/0xz  T_29.0, 8;
    %load/vec4 v0000025fc462b990_0;
    %load/vec4 v0000025fc462adb0_0;
    %pad/u 14;
    %ix/vec4 3;
    %ix/load 4, 0, 0; Constant delay
    %assign/vec4/a/d v0000025fc462b170, 0, 4;
T_29.0 ;
    %load/vec4 v0000025fc462b8f0_0;
    %flag_set/vec4 8;
    %jmp/0xz  T_29.2, 8;
    %load/vec4 v0000025fc462abd0_0;
    %pad/u 14;
    %ix/vec4 4;
    %load/vec4a v0000025fc462b170, 4;
    %assign/vec4 v0000025fc462aa90_0, 0;
T_29.2 ;
    %jmp T_29;
    .thread T_29;
    .scope S_0000025fc460e840;
T_30 ;
    %wait E_0000025fc453b080;
    %load/vec4 v0000025fc462ba30_0;
    %flag_set/vec4 8;
    %jmp/0xz  T_30.0, 8;
    %load/vec4 v0000025fc462a310_0;
    %load/vec4 v0000025fc462a770_0;
    %pad/u 14;
    %ix/vec4 3;
    %ix/load 4, 0, 0; Constant delay
    %assign/vec4/a/d v0000025fc462b170, 0, 4;
T_30.0 ;
    %load/vec4 v0000025fc462a6d0_0;
    %flag_set/vec4 8;
    %jmp/0xz  T_30.2, 8;
    %load/vec4 v0000025fc462b0d0_0;
    %pad/u 14;
    %ix/vec4 4;
    %load/vec4a v0000025fc462b170, 4;
    %assign/vec4 v0000025fc462c070_0, 0;
T_30.2 ;
    %jmp T_30;
    .thread T_30;
    .scope S_0000025fc460ecf0;
T_31 ;
    %wait E_0000025fc453b080;
    %load/vec4 v0000025fc46331d0_0;
    %flag_set/vec4 8;
    %jmp/0xz  T_31.0, 8;
    %load/vec4 v0000025fc4631650_0;
    %load/vec4 v0000025fc4631d30_0;
    %pad/u 14;
    %ix/vec4 3;
    %ix/load 4, 0, 0; Constant delay
    %assign/vec4/a/d v0000025fc4632b90, 0, 4;
T_31.0 ;
    %load/vec4 v0000025fc4631790_0;
    %flag_set/vec4 8;
    %jmp/0xz  T_31.2, 8;
    %load/vec4 v0000025fc4632910_0;
    %pad/u 14;
    %ix/vec4 4;
    %load/vec4a v0000025fc4632b90, 4;
    %assign/vec4 v0000025fc46316f0_0, 0;
T_31.2 ;
    %jmp T_31;
    .thread T_31;
    .scope S_0000025fc46060a0;
T_32 ;
    %wait E_0000025fc453a440;
    %load/vec4 v0000025fc4627250_0;
    %nor/r;
    %flag_set/vec4 8;
    %jmp/0xz  T_32.0, 8;
    %pushi/vec4 0, 0, 32;
    %assign/vec4 v0000025fc46259f0_0, 0;
    %jmp T_32.1;
T_32.0 ;
    %load/vec4 v0000025fc46267b0_0;
    %flag_set/vec4 8;
    %jmp/0xz  T_32.2, 8;
    %pushi/vec4 0, 0, 32;
    %assign/vec4 v0000025fc46259f0_0, 0;
    %jmp T_32.3;
T_32.2 ;
    %load/vec4 v0000025fc4627750_0;
    %flag_set/vec4 8;
    %jmp/0xz  T_32.4, 8;
    %load/vec4 v0000025fc46259f0_0;
    %load/vec4 v0000025fc46262b0_0;
    %add;
    %assign/vec4 v0000025fc46259f0_0, 0;
T_32.4 ;
T_32.3 ;
T_32.1 ;
    %jmp T_32;
    .thread T_32;
    .scope S_0000025fc4607810;
T_33 ;
Ewait_2 .event/or E_0000025fc453bcc0, E_0x0;
    %wait Ewait_2;
    %load/vec4 v0000025fc4625590_0;
    %dup/vec4;
    %pushi/vec4 0, 0, 8;
    %cmp/u;
    %jmp/1 T_33.0, 6;
    %dup/vec4;
    %pushi/vec4 1, 0, 8;
    %cmp/u;
    %jmp/1 T_33.1, 6;
    %dup/vec4;
    %pushi/vec4 2, 0, 8;
    %cmp/u;
    %jmp/1 T_33.2, 6;
    %load/vec4 v0000025fc46272f0_0;
    %store/vec4 v0000025fc4627070_0, 0, 8;
    %jmp T_33.4;
T_33.0 ;
    %load/vec4 v0000025fc46272f0_0;
    %store/vec4 v0000025fc4627070_0, 0, 8;
    %jmp T_33.4;
T_33.1 ;
    %load/vec4 v0000025fc46272f0_0;
    %cmpi/s 0, 0, 8;
    %flag_mov 8, 5;
    %jmp/0 T_33.5, 8;
    %pushi/vec4 0, 0, 8;
    %jmp/1 T_33.6, 8;
T_33.5 ; End of true expr.
    %load/vec4 v0000025fc46272f0_0;
    %jmp/0 T_33.6, 8;
 ; End of false expr.
    %blend;
T_33.6;
    %store/vec4 v0000025fc4627070_0, 0, 8;
    %jmp T_33.4;
T_33.2 ;
    %load/vec4 v0000025fc46272f0_0;
    %cmpi/s 0, 0, 8;
    %jmp/0xz  T_33.7, 5;
    %pushi/vec4 0, 0, 8;
    %store/vec4 v0000025fc4627070_0, 0, 8;
    %jmp T_33.8;
T_33.7 ;
    %load/vec4 v0000025fc46272f0_0;
    %cmpi/u 127, 0, 8;
    %flag_or 5, 4; GT is !LE
    %flag_inv 5;
    %jmp/0xz  T_33.9, 5;
    %pushi/vec4 127, 0, 8;
    %store/vec4 v0000025fc4627070_0, 0, 8;
    %jmp T_33.10;
T_33.9 ;
    %load/vec4 v0000025fc46272f0_0;
    %store/vec4 v0000025fc4627070_0, 0, 8;
T_33.10 ;
T_33.8 ;
    %jmp T_33.4;
T_33.4 ;
    %pop/vec4 1;
    %jmp T_33;
    .thread T_33, $push;
    .scope S_0000025fc460e390;
T_34 ;
    %wait E_0000025fc453a440;
    %load/vec4 v0000025fc4627570_0;
    %nor/r;
    %flag_set/vec4 8;
    %jmp/0xz  T_34.0, 8;
    %pushi/vec4 0, 0, 1;
    %assign/vec4 v0000025fc4626710_0, 0;
    %pushi/vec4 0, 0, 16;
    %assign/vec4 v0000025fc4627110_0, 0;
    %pushi/vec4 0, 0, 8;
    %assign/vec4 v0000025fc4626670_0, 0;
    %jmp T_34.1;
T_34.0 ;
    %load/vec4 v0000025fc46276b0_0;
    %assign/vec4 v0000025fc4626710_0, 0;
    %load/vec4 v0000025fc4626990_0;
    %assign/vec4 v0000025fc4627110_0, 0;
    %load/vec4 v0000025fc46271b0_0;
    %assign/vec4 v0000025fc4626670_0, 0;
T_34.1 ;
    %jmp T_34;
    .thread T_34;
    .scope S_0000025fc46066e0;
T_35 ;
Ewait_3 .event/or E_0000025fc453acc0, E_0x0;
    %wait Ewait_3;
    %pushi/vec4 0, 0, 32;
    %store/vec4 v0000025fc4628fb0_0, 0, 32;
    %fork t_7, S_0000025fc46074f0;
    %jmp t_6;
    .scope S_0000025fc46074f0;
t_7 ;
    %pushi/vec4 0, 0, 32;
    %store/vec4 v0000025fc4624960_0, 0, 32;
T_35.0 ;
    %load/vec4 v0000025fc4624960_0;
    %cmpi/s 4, 0, 32;
    %jmp/0xz T_35.1, 5;
    %load/vec4 v0000025fc46288d0_0;
    %load/vec4 v0000025fc4624960_0;
    %part/s 1;
    %flag_set/vec4 8;
    %jmp/0xz  T_35.2, 8;
    ; show_stmt_assign_vector: Get l-value for compressed += operand
    %load/vec4 v0000025fc4628fb0_0;
    %load/vec4 v0000025fc4629f50_0;
    %load/vec4 v0000025fc4624960_0;
    %muli 8, 0, 32;
    %part/s 8;
    %pad/s 32;
    %load/vec4 v0000025fc4629eb0_0;
    %load/vec4 v0000025fc4624960_0;
    %muli 8, 0, 32;
    %part/s 8;
    %pad/s 32;
    %mul;
    %add;
    %store/vec4 v0000025fc4628fb0_0, 0, 32;
T_35.2 ;
    ; show_stmt_assign_vector: Get l-value for compressed += operand
    %load/vec4 v0000025fc4624960_0;
    %pushi/vec4 1, 0, 32;
    %add;
    %cast2;
    %store/vec4 v0000025fc4624960_0, 0, 32;
    %jmp T_35.0;
T_35.1 ;
    %end;
    .scope S_0000025fc46066e0;
t_6 %join;
    %jmp T_35;
    .thread T_35, $push;
    .scope S_0000025fc46066e0;
T_36 ;
    %wait E_0000025fc453a440;
    %load/vec4 v0000025fc46280b0_0;
    %nor/r;
    %flag_set/vec4 8;
    %jmp/0xz  T_36.0, 8;
    %pushi/vec4 0, 0, 4;
    %assign/vec4 v0000025fc4628ab0_0, 0;
    %pushi/vec4 0, 0, 16;
    %assign/vec4 v0000025fc4628970_0, 0;
    %pushi/vec4 0, 0, 16;
    %assign/vec4 v0000025fc4628650_0, 0;
    %pushi/vec4 0, 0, 16;
    %assign/vec4 v0000025fc4629b90_0, 0;
    %jmp T_36.1;
T_36.0 ;
    %load/vec4 v0000025fc4629050_0;
    %assign/vec4 v0000025fc4628ab0_0, 0;
    %load/vec4 v0000025fc4628ab0_0;
    %cmpi/e 0, 0, 4;
    %flag_get/vec4 4;
    %jmp/0 T_36.4, 4;
    %load/vec4 v0000025fc4629af0_0;
    %and;
T_36.4;
    %flag_set/vec4 8;
    %jmp/0xz  T_36.2, 8;
    %pushi/vec4 0, 0, 16;
    %assign/vec4 v0000025fc4628970_0, 0;
    %load/vec4 v0000025fc46279d0_0;
    %assign/vec4 v0000025fc4628650_0, 0;
    %jmp T_36.3;
T_36.2 ;
    %load/vec4 v0000025fc4628ab0_0;
    %cmpi/e 2, 0, 4;
    %jmp/0xz  T_36.5, 4;
    %pushi/vec4 0, 0, 16;
    %assign/vec4 v0000025fc4629b90_0, 0;
    %jmp T_36.6;
T_36.5 ;
    %load/vec4 v0000025fc4628ab0_0;
    %cmpi/e 5, 0, 4;
    %flag_get/vec4 4;
    %jmp/0 T_36.9, 4;
    %load/vec4 v0000025fc4629c30_0;
    %nor/r;
    %and;
T_36.9;
    %flag_set/vec4 8;
    %jmp/0xz  T_36.7, 8;
    %load/vec4 v0000025fc4629b90_0;
    %pad/u 32;
    %addi 4, 0, 32;
    %pad/u 16;
    %assign/vec4 v0000025fc4629b90_0, 0;
    %jmp T_36.8;
T_36.7 ;
    %load/vec4 v0000025fc4628ab0_0;
    %cmpi/e 7, 0, 4;
    %jmp/0xz  T_36.10, 4;
    %load/vec4 v0000025fc4628970_0;
    %addi 1, 0, 16;
    %assign/vec4 v0000025fc4628970_0, 0;
    %load/vec4 v0000025fc4628650_0;
    %load/vec4 v0000025fc4628470_0;
    %add;
    %assign/vec4 v0000025fc4628650_0, 0;
T_36.10 ;
T_36.8 ;
T_36.6 ;
T_36.3 ;
T_36.1 ;
    %jmp T_36;
    .thread T_36;
    .scope S_0000025fc46066e0;
T_37 ;
Ewait_4 .event/or E_0000025fc453ac40, E_0x0;
    %wait Ewait_4;
    %load/vec4 v0000025fc4628ab0_0;
    %store/vec4 v0000025fc4629050_0, 0, 4;
    %pushi/vec4 1, 0, 1;
    %store/vec4 v0000025fc4628b50_0, 0, 1;
    %pushi/vec4 0, 0, 1;
    %store/vec4 v0000025fc4627a70_0, 0, 1;
    %pushi/vec4 0, 0, 1;
    %store/vec4 v0000025fc4628510_0, 0, 1;
    %pushi/vec4 0, 0, 1;
    %store/vec4 v0000025fc46295f0_0, 0, 1;
    %pushi/vec4 0, 0, 1;
    %store/vec4 v0000025fc4629190_0, 0, 1;
    %pushi/vec4 0, 0, 1;
    %store/vec4 v0000025fc46283d0_0, 0, 1;
    %load/vec4 v0000025fc46281f0_0;
    %load/vec4 v0000025fc4628970_0;
    %add;
    %store/vec4 v0000025fc4629870_0, 0, 16;
    %load/vec4 v0000025fc4628dd0_0;
    %store/vec4 v0000025fc4628150_0, 0, 8;
    %load/vec4 v0000025fc4627c50_0;
    %load/vec4 v0000025fc4628970_0;
    %add;
    %store/vec4 v0000025fc4629d70_0, 0, 16;
    %load/vec4 v0000025fc4628ab0_0;
    %dup/vec4;
    %pushi/vec4 0, 0, 4;
    %cmp/u;
    %jmp/1 T_37.0, 6;
    %dup/vec4;
    %pushi/vec4 1, 0, 4;
    %cmp/u;
    %jmp/1 T_37.1, 6;
    %dup/vec4;
    %pushi/vec4 2, 0, 4;
    %cmp/u;
    %jmp/1 T_37.2, 6;
    %dup/vec4;
    %pushi/vec4 3, 0, 4;
    %cmp/u;
    %jmp/1 T_37.3, 6;
    %dup/vec4;
    %pushi/vec4 4, 0, 4;
    %cmp/u;
    %jmp/1 T_37.4, 6;
    %dup/vec4;
    %pushi/vec4 5, 0, 4;
    %cmp/u;
    %jmp/1 T_37.5, 6;
    %dup/vec4;
    %pushi/vec4 6, 0, 4;
    %cmp/u;
    %jmp/1 T_37.6, 6;
    %dup/vec4;
    %pushi/vec4 7, 0, 4;
    %cmp/u;
    %jmp/1 T_37.7, 6;
    %dup/vec4;
    %pushi/vec4 8, 0, 4;
    %cmp/u;
    %jmp/1 T_37.8, 6;
    %pushi/vec4 0, 0, 4;
    %store/vec4 v0000025fc4629050_0, 0, 4;
    %jmp T_37.10;
T_37.0 ;
    %pushi/vec4 0, 0, 1;
    %store/vec4 v0000025fc4628b50_0, 0, 1;
    %load/vec4 v0000025fc4629af0_0;
    %flag_set/vec4 8;
    %jmp/0xz  T_37.11, 8;
    %load/vec4 v0000025fc4628470_0;
    %cmpi/e 0, 0, 16;
    %jmp/1 T_37.15, 4;
    %flag_mov 8, 4;
    %load/vec4 v0000025fc4627ed0_0;
    %cmpi/e 0, 0, 16;
    %flag_or 4, 8;
T_37.15;
    %jmp/0xz  T_37.13, 4;
    %pushi/vec4 1, 0, 1;
    %store/vec4 v0000025fc4628510_0, 0, 1;
    %pushi/vec4 0, 0, 4;
    %store/vec4 v0000025fc4629050_0, 0, 4;
    %jmp T_37.14;
T_37.13 ;
    %pushi/vec4 1, 0, 4;
    %store/vec4 v0000025fc4629050_0, 0, 4;
T_37.14 ;
T_37.11 ;
    %jmp T_37.10;
T_37.1 ;
    %pushi/vec4 2, 0, 4;
    %store/vec4 v0000025fc4629050_0, 0, 4;
    %jmp T_37.10;
T_37.2 ;
    %pushi/vec4 1, 0, 1;
    %store/vec4 v0000025fc46295f0_0, 0, 1;
    %pushi/vec4 3, 0, 4;
    %store/vec4 v0000025fc4629050_0, 0, 4;
    %jmp T_37.10;
T_37.3 ;
    %pushi/vec4 4, 0, 4;
    %store/vec4 v0000025fc4629050_0, 0, 4;
    %jmp T_37.10;
T_37.4 ;
    %pushi/vec4 5, 0, 4;
    %store/vec4 v0000025fc4629050_0, 0, 4;
    %jmp T_37.10;
T_37.5 ;
    %pushi/vec4 1, 0, 1;
    %store/vec4 v0000025fc4629190_0, 0, 1;
    %load/vec4 v0000025fc4629c30_0;
    %flag_set/vec4 8;
    %jmp/0xz  T_37.16, 8;
    %pushi/vec4 6, 0, 4;
    %store/vec4 v0000025fc4629050_0, 0, 4;
    %jmp T_37.17;
T_37.16 ;
    %pushi/vec4 3, 0, 4;
    %store/vec4 v0000025fc4629050_0, 0, 4;
T_37.17 ;
    %jmp T_37.10;
T_37.6 ;
    %pushi/vec4 7, 0, 4;
    %store/vec4 v0000025fc4629050_0, 0, 4;
    %jmp T_37.10;
T_37.7 ;
    %pushi/vec4 1, 0, 1;
    %store/vec4 v0000025fc46283d0_0, 0, 1;
    %load/vec4 v0000025fc4627ed0_0;
    %load/vec4 v0000025fc4628970_0;
    %addi 1, 0, 16;
    %cmp/u;
    %flag_or 5, 4;
    %jmp/0xz  T_37.18, 5;
    %pushi/vec4 8, 0, 4;
    %store/vec4 v0000025fc4629050_0, 0, 4;
    %jmp T_37.19;
T_37.18 ;
    %pushi/vec4 1, 0, 4;
    %store/vec4 v0000025fc4629050_0, 0, 4;
T_37.19 ;
    %jmp T_37.10;
T_37.8 ;
    %pushi/vec4 1, 0, 1;
    %store/vec4 v0000025fc4627a70_0, 0, 1;
    %pushi/vec4 0, 0, 1;
    %store/vec4 v0000025fc4628b50_0, 0, 1;
    %pushi/vec4 0, 0, 4;
    %store/vec4 v0000025fc4629050_0, 0, 4;
    %jmp T_37.10;
T_37.10 ;
    %pop/vec4 1;
    %jmp T_37;
    .thread T_37, $push;
    .scope S_0000025fc4409f20;
T_38 ;
Ewait_5 .event/or E_0000025fc453aa00, E_0x0;
    %wait Ewait_5;
    %load/vec4 v0000025fc4633770_0;
    %store/vec4 v0000025fc46334f0_0, 0, 386;
    %load/vec4 v0000025fc46345d0_0;
    %ix/load 4, 0, 0;
    %flag_set/imm 4, 0;
    %store/vec4 v0000025fc46334f0_0, 4, 16;
    %jmp T_38;
    .thread T_38, $push;
    .scope S_0000025fc45a93a0;
T_39 ;
    %pushi/vec4 0, 0, 32;
    %store/vec4 v0000025fc4636330_0, 0, 32;
    %pushi/vec4 0, 0, 32;
    %store/vec4 v0000025fc4636470_0, 0, 32;
    %pushi/vec4 0, 0, 32;
    %store/vec4 v0000025fc4637e10_0, 0, 32;
    %pushi/vec4 0, 0, 32;
    %store/vec4 v0000025fc4637a50_0, 0, 32;
    %pushi/vec4 0, 0, 32;
    %store/vec4 v0000025fc4636650_0, 0, 32;
    %pushi/vec4 0, 0, 32;
    %store/vec4 v0000025fc4637c30_0, 0, 32;
    %pushi/vec4 0, 0, 32;
    %store/vec4 v0000025fc4637ff0_0, 0, 32;
    %pushi/vec4 0, 0, 32;
    %store/vec4 v0000025fc4637690_0, 0, 32;
    %pushi/vec4 0, 0, 32;
    %store/vec4 v0000025fc4638310_0, 0, 32;
    %pushi/vec4 0, 0, 32;
    %store/vec4 v0000025fc4637550_0, 0, 32;
    %end;
    .thread T_39, $init;
    .scope S_0000025fc45a93a0;
T_40 ;
    %wait E_0000025fc453b080;
    %load/vec4 v0000025fc46383b0_0;
    %nor/r;
    %flag_set/vec4 8;
    %jmp/0xz  T_40.0, 8;
    %pushi/vec4 0, 0, 32;
    %store/vec4 v0000025fc4637ff0_0, 0, 32;
    %pushi/vec4 0, 0, 32;
    %store/vec4 v0000025fc4637690_0, 0, 32;
    %pushi/vec4 0, 0, 32;
    %store/vec4 v0000025fc4638310_0, 0, 32;
    %pushi/vec4 0, 0, 32;
    %store/vec4 v0000025fc4637550_0, 0, 32;
    %pushi/vec4 0, 0, 8;
    %store/vec4 v0000025fc46375f0_0, 0, 8;
    %jmp T_40.1;
T_40.0 ;
    %load/vec4 v0000025fc46368d0_0;
    %flag_set/vec4 10;
    %flag_get/vec4 10;
    %jmp/0 T_40.5, 10;
    %load/vec4 v0000025fc4638310_0;
    %nor/r;
    %and;
T_40.5;
    %flag_set/vec4 9;
    %flag_get/vec4 9;
    %jmp/0 T_40.4, 9;
    %load/vec4 v0000025fc4637ff0_0;
    %pushi/vec4 0, 0, 32;
    %cmp/e;
    %flag_get/vec4 4;
    %and;
T_40.4;
    %flag_set/vec4 8;
    %jmp/0xz  T_40.2, 8;
    %pushi/vec4 0, 0, 32;
    %store/vec4 v0000025fc4637ff0_0, 0, 32;
    %jmp T_40.3;
T_40.2 ;
    %load/vec4 v0000025fc4637ff0_0;
    %addi 1, 0, 32;
    %store/vec4 v0000025fc4637ff0_0, 0, 32;
    %load/vec4 v0000025fc460a410_0;
    %cmpi/e 1, 0, 4;
    %flag_get/vec4 4;
    %jmp/0 T_40.8, 4;
    %load/vec4 v0000025fc4607fd0_0;
    %and;
T_40.8;
    %flag_set/vec4 8;
    %jmp/0xz  T_40.6, 8;
    %load/vec4 v0000025fc4637ff0_0;
    %store/vec4 v0000025fc4637690_0, 0, 32;
    %pushi/vec4 1, 0, 32;
    %store/vec4 v0000025fc4638310_0, 0, 32;
    %ix/getv 4, v0000025fc460aff0_0;
    %load/vec4a v0000025fc4637370, 4;
    %parti/s 8, 24, 6;
    %store/vec4 v0000025fc46375f0_0, 0, 8;
    %load/vec4 v0000025fc4637550_0;
    %addi 1, 0, 32;
    %store/vec4 v0000025fc4637550_0, 0, 32;
T_40.6 ;
    %load/vec4 v0000025fc4638310_0;
    %cmpi/ne 0, 0, 32;
    %flag_get/vec4 4;
    %jmp/0 T_40.11, 4;
    %load/vec4 v0000025fc460a410_0;
    %cmpi/e 10, 0, 4;
    %flag_get/vec4 4;
    %jmp/1 T_40.12, 4;
    %load/vec4 v0000025fc460a410_0;
    %cmpi/e 11, 0, 4;
    %flag_get/vec4 4;
    %jmp/0 T_40.13, 4;
    %load/vec4 v0000025fc46375f0_0;
    %pushi/vec4 5, 0, 8;
    %cmp/e;
    %flag_get/vec4 4;
    %and;
T_40.13;
    %or;
T_40.12;
    %and;
T_40.11;
    %flag_set/vec4 8;
    %jmp/0xz  T_40.9, 8;
    %load/vec4 v0000025fc4637ff0_0;
    %load/vec4 v0000025fc4637690_0;
    %sub;
    %addi 1, 0, 32;
    %vpi_call/w 4 84 "$display", "[TRACE] instruction=%0d opcode=0x%02x cycles=%0d", v0000025fc4637550_0, v0000025fc46375f0_0, S<0,vec4,s32> {1 0 0};
    %pushi/vec4 0, 0, 32;
    %store/vec4 v0000025fc4638310_0, 0, 32;
T_40.9 ;
T_40.3 ;
T_40.1 ;
    %jmp T_40;
    .thread T_40;
    .scope S_0000025fc45a93a0;
T_41 ;
    %delay 5000, 0;
    %load/vec4 v0000025fc4637af0_0;
    %inv;
    %store/vec4 v0000025fc4637af0_0, 0, 1;
    %jmp T_41;
    .thread T_41;
    .scope S_0000025fc45a93a0;
T_42 ;
    %fork t_9, S_0000025fc45b75f0;
    %jmp t_8;
    .scope S_0000025fc45b75f0;
t_9 ;
    %pushi/vec4 0, 0, 1;
    %store/vec4 v0000025fc4637af0_0, 0, 1;
    %pushi/vec4 0, 0, 1;
    %store/vec4 v0000025fc46383b0_0, 0, 1;
    %pushi/vec4 0, 0, 1;
    %store/vec4 v0000025fc46368d0_0, 0, 1;
    %pushi/vec4 0, 0, 1;
    %store/vec4 v0000025fc4637230_0, 0, 1;
    %pushi/vec4 0, 0, 1;
    %store/vec4 v0000025fc4636fb0_0, 0, 1;
    %pushi/vec4 0, 0, 3;
    %store/vec4 v0000025fc4637050_0, 0, 3;
    %pushi/vec4 0, 0, 16;
    %store/vec4 v0000025fc46365b0_0, 0, 16;
    %pushi/vec4 0, 0, 32;
    %store/vec4 v0000025fc4637b90_0, 0, 32;
    %pushi/vec4 0, 0, 8;
    %store/vec4 v0000025fc4636d30_0, 0, 8;
    %pushi/vec4 0, 0, 32;
    %store/vec4 v0000025fc4636330_0, 0, 32;
    %vpi_call/w 4 202 "$dumpfile", "flow/waveform.vcd" {0 0 0};
    %vpi_call/w 4 203 "$dumpvars", 32'sb00000000000000000000000000000000, S_0000025fc45a93a0 {0 0 0};
    %vpi_call/w 4 205 "$display", "\012================================================================" {0 0 0};
    %vpi_call/w 4 206 "$display", "TinyML Accelerator \342\200\224 Hardware Testbench Execution (tb_flow)" {0 0 0};
    %vpi_call/w 4 207 "$display", "================================================================" {0 0 0};
    %delay 20000, 0;
    %pushi/vec4 1, 0, 1;
    %store/vec4 v0000025fc46383b0_0, 0, 1;
    %delay 20000, 0;
    %vpi_call/w 4 214 "$display", "[FLOW] Loading memory hex files..." {0 0 0};
    %vpi_call/w 4 215 "$readmemh", "flow/imem.hex", v0000025fc4637370 {0 0 0};
    %vpi_call/w 4 216 "$readmemh", "flow/weight.hex", v0000025fc4637cd0 {0 0 0};
    %vpi_call/w 4 217 "$readmemh", "flow/bias.hex", v0000025fc46366f0 {0 0 0};
    %vpi_call/w 4 218 "$readmemh", "flow/input.hex", v0000025fc4637eb0 {0 0 0};
    %vpi_call/w 4 219 "$readmemh", "flow/golden_output.hex", v0000025fc4637d70 {0 0 0};
    %vpi_call/w 4 224 "$display", "[FLOW] Preloading Instruction Memory..." {0 0 0};
    %pushi/vec4 0, 0, 32;
    %store/vec4 v0000025fc4636790_0, 0, 32;
T_42.0 ;
    %load/vec4 v0000025fc4636790_0;
    %cmpi/s 1024, 0, 32;
    %jmp/0xz T_42.1, 5;
    %ix/getv/s 4, v0000025fc4636790_0;
    %load/vec4a v0000025fc4637370, 4;
    %cmpi/ne 4294967295, 4294967295, 32;
    %flag_get/vec4 6;
    %jmp/0 T_42.4, 6;
    %ix/getv/s 4, v0000025fc4636790_0;
    %load/vec4a v0000025fc4637370, 4;
    %pushi/vec4 0, 0, 32;
    %cmp/ne;
    %flag_get/vec4 6;
    %and;
T_42.4;
    %flag_set/vec4 8;
    %jmp/0xz  T_42.2, 8;
    %alloc S_0000025fc460d710;
    %load/vec4 v0000025fc4636790_0;
    %parti/s 16, 0, 2;
    %store/vec4 v0000025fc4636bf0_0, 0, 16;
    %ix/getv/s 4, v0000025fc4636790_0;
    %load/vec4a v0000025fc4637370, 4;
    %store/vec4 v0000025fc46379b0_0, 0, 32;
    %fork TD_tb_flow.write_imem, S_0000025fc460d710;
    %join;
    %free S_0000025fc460d710;
    ; show_stmt_assign_vector: Get l-value for compressed += operand
    %load/vec4 v0000025fc4636470_0;
    %pushi/vec4 1, 0, 32;
    %add;
    %store/vec4 v0000025fc4636470_0, 0, 32;
    %jmp T_42.3;
T_42.2 ;
    %ix/getv/s 4, v0000025fc4636790_0;
    %load/vec4a v0000025fc4637370, 4;
    %cmpi/e 0, 0, 32;
    %flag_get/vec4 6;
    %jmp/0 T_42.7, 6;
    %load/vec4 v0000025fc4636790_0;
    %cmpi/s 17, 0, 32;
    %flag_get/vec4 5;
    %and;
T_42.7;
    %flag_set/vec4 8;
    %jmp/0xz  T_42.5, 8;
    %alloc S_0000025fc460d710;
    %load/vec4 v0000025fc4636790_0;
    %parti/s 16, 0, 2;
    %store/vec4 v0000025fc4636bf0_0, 0, 16;
    %ix/getv/s 4, v0000025fc4636790_0;
    %load/vec4a v0000025fc4637370, 4;
    %store/vec4 v0000025fc46379b0_0, 0, 32;
    %fork TD_tb_flow.write_imem, S_0000025fc460d710;
    %join;
    %free S_0000025fc460d710;
    ; show_stmt_assign_vector: Get l-value for compressed += operand
    %load/vec4 v0000025fc4636470_0;
    %pushi/vec4 1, 0, 32;
    %add;
    %store/vec4 v0000025fc4636470_0, 0, 32;
T_42.5 ;
T_42.3 ;
    ; show_stmt_assign_vector: Get l-value for compressed += operand
    %load/vec4 v0000025fc4636790_0;
    %pushi/vec4 1, 0, 32;
    %add;
    %store/vec4 v0000025fc4636790_0, 0, 32;
    %jmp T_42.0;
T_42.1 ;
    %vpi_call/w 4 235 "$display", "[FLOW] Preloading Input Vector into Host Memory..." {0 0 0};
    %pushi/vec4 0, 0, 32;
    %store/vec4 v0000025fc4636790_0, 0, 32;
T_42.8 ;
    %load/vec4 v0000025fc4636790_0;
    %cmpi/s 4096, 0, 32;
    %jmp/0xz T_42.9, 5;
    %ix/getv/s 4, v0000025fc4636790_0;
    %load/vec4a v0000025fc4637eb0, 4;
    %cmpi/ne 255, 255, 8;
    %jmp/0xz  T_42.10, 6;
    %alloc S_0000025fc460d580;
    %load/vec4 v0000025fc4636790_0;
    %parti/s 16, 0, 2;
    %store/vec4 v0000025fc46381d0_0, 0, 16;
    %ix/getv/s 4, v0000025fc4636790_0;
    %load/vec4a v0000025fc4637eb0, 4;
    %store/vec4 v0000025fc46370f0_0, 0, 8;
    %fork TD_tb_flow.write_hmem, S_0000025fc460d580;
    %join;
    %free S_0000025fc460d580;
    ; show_stmt_assign_vector: Get l-value for compressed += operand
    %load/vec4 v0000025fc4636650_0;
    %pushi/vec4 1, 0, 32;
    %add;
    %store/vec4 v0000025fc4636650_0, 0, 32;
T_42.10 ;
    ; show_stmt_assign_vector: Get l-value for compressed += operand
    %load/vec4 v0000025fc4636790_0;
    %pushi/vec4 1, 0, 32;
    %add;
    %store/vec4 v0000025fc4636790_0, 0, 32;
    %jmp T_42.8;
T_42.9 ;
    %vpi_call/w 4 243 "$display", "[FLOW] Preloading Weights into Parameter Memory..." {0 0 0};
    %pushi/vec4 0, 0, 32;
    %store/vec4 v0000025fc4636790_0, 0, 32;
T_42.12 ;
    %load/vec4 v0000025fc4636790_0;
    %cmpi/s 65536, 0, 32;
    %jmp/0xz T_42.13, 5;
    %ix/getv/s 4, v0000025fc4636790_0;
    %load/vec4a v0000025fc4637cd0, 4;
    %cmpi/ne 255, 255, 8;
    %jmp/0xz  T_42.14, 6;
    %alloc S_0000025fc460d8a0;
    %load/vec4 v0000025fc4636790_0;
    %parti/s 16, 0, 2;
    %store/vec4 v0000025fc46386d0_0, 0, 16;
    %ix/getv/s 4, v0000025fc4636790_0;
    %load/vec4a v0000025fc4637cd0, 4;
    %store/vec4 v0000025fc4636150_0, 0, 8;
    %fork TD_tb_flow.write_weight, S_0000025fc460d8a0;
    %join;
    %free S_0000025fc460d8a0;
    ; show_stmt_assign_vector: Get l-value for compressed += operand
    %load/vec4 v0000025fc4637e10_0;
    %pushi/vec4 1, 0, 32;
    %add;
    %store/vec4 v0000025fc4637e10_0, 0, 32;
T_42.14 ;
    ; show_stmt_assign_vector: Get l-value for compressed += operand
    %load/vec4 v0000025fc4636790_0;
    %pushi/vec4 1, 0, 32;
    %add;
    %store/vec4 v0000025fc4636790_0, 0, 32;
    %jmp T_42.12;
T_42.13 ;
    %vpi_call/w 4 251 "$display", "[FLOW] Preloading Biases into Parameter Memory..." {0 0 0};
    %pushi/vec4 0, 0, 32;
    %store/vec4 v0000025fc4636790_0, 0, 32;
T_42.16 ;
    %load/vec4 v0000025fc4636790_0;
    %cmpi/s 65536, 0, 32;
    %jmp/0xz T_42.17, 5;
    %ix/getv/s 4, v0000025fc4636790_0;
    %load/vec4a v0000025fc46366f0, 4;
    %cmpi/ne 255, 255, 8;
    %jmp/0xz  T_42.18, 6;
    %alloc S_0000025fc460d3f0;
    %load/vec4 v0000025fc4636790_0;
    %parti/s 16, 0, 2;
    %store/vec4 v0000025fc4636e70_0, 0, 16;
    %ix/getv/s 4, v0000025fc4636790_0;
    %load/vec4a v0000025fc46366f0, 4;
    %store/vec4 v0000025fc4636510_0, 0, 8;
    %fork TD_tb_flow.write_bias, S_0000025fc460d3f0;
    %join;
    %free S_0000025fc460d3f0;
    ; show_stmt_assign_vector: Get l-value for compressed += operand
    %load/vec4 v0000025fc4637a50_0;
    %pushi/vec4 1, 0, 32;
    %add;
    %store/vec4 v0000025fc4637a50_0, 0, 32;
T_42.18 ;
    ; show_stmt_assign_vector: Get l-value for compressed += operand
    %load/vec4 v0000025fc4636790_0;
    %pushi/vec4 1, 0, 32;
    %add;
    %store/vec4 v0000025fc4636790_0, 0, 32;
    %jmp T_42.16;
T_42.17 ;
    %pushi/vec4 0, 0, 32;
    %store/vec4 v0000025fc4636790_0, 0, 32;
T_42.20 ;
    %load/vec4 v0000025fc4636790_0;
    %cmpi/s 4096, 0, 32;
    %jmp/0xz T_42.21, 5;
    %ix/getv/s 4, v0000025fc4636790_0;
    %load/vec4a v0000025fc4637d70, 4;
    %cmpi/ne 255, 255, 8;
    %jmp/0xz  T_42.22, 6;
    ; show_stmt_assign_vector: Get l-value for compressed += operand
    %load/vec4 v0000025fc4637c30_0;
    %pushi/vec4 1, 0, 32;
    %add;
    %store/vec4 v0000025fc4637c30_0, 0, 32;
T_42.22 ;
    ; show_stmt_assign_vector: Get l-value for compressed += operand
    %load/vec4 v0000025fc4636790_0;
    %pushi/vec4 1, 0, 32;
    %add;
    %store/vec4 v0000025fc4636790_0, 0, 32;
    %jmp T_42.20;
T_42.21 ;
    %vpi_call/w 4 265 "$display", "[FLOW] Preload Summary: %0d instructions, %0d inputs, %0d weights, %0d biases, %0d expected outputs.", v0000025fc4636470_0, v0000025fc4636650_0, v0000025fc4637e10_0, v0000025fc4637a50_0, v0000025fc4637c30_0 {0 0 0};
    %vpi_call/w 4 269 "$display", "[FLOW] Starting execution..." {0 0 0};
    %wait E_0000025fc453a880;
    %pushi/vec4 1, 0, 1;
    %store/vec4 v0000025fc46368d0_0, 0, 1;
    %wait E_0000025fc453b080;
    %wait E_0000025fc453a880;
    %pushi/vec4 0, 0, 1;
    %store/vec4 v0000025fc46368d0_0, 0, 1;
    %pushi/vec4 0, 0, 32;
    %store/vec4 v0000025fc45826d0_0, 0, 32;
T_42.24 ;
    %load/vec4 v0000025fc46372d0_0;
    %nor/r;
    %flag_set/vec4 10;
    %flag_get/vec4 10;
    %jmp/0 T_42.27, 10;
    %load/vec4 v0000025fc46361f0_0;
    %nor/r;
    %and;
T_42.27;
    %flag_set/vec4 9;
    %flag_get/vec4 9;
    %jmp/0 T_42.26, 9;
    %load/vec4 v0000025fc45826d0_0;
    %cmpi/s 10000, 0, 32;
    %flag_get/vec4 5;
    %and;
T_42.26;
    %flag_set/vec4 8;
    %jmp/0xz T_42.25, 8;
    %wait E_0000025fc453b080;
    ; show_stmt_assign_vector: Get l-value for compressed += operand
    %load/vec4 v0000025fc45826d0_0;
    %pushi/vec4 1, 0, 32;
    %add;
    %cast2;
    %store/vec4 v0000025fc45826d0_0, 0, 32;
    %jmp T_42.24;
T_42.25 ;
    %load/vec4 v0000025fc45826d0_0;
    %cmpi/s 10000, 0, 32;
    %flag_inv 5; GE is !LT
    %jmp/0xz  T_42.28, 5;
    %vpi_call/w 4 285 "$error", "[FLOW] TIMEOUT: Execution did not complete within 10000 cycles!" {0 0 0};
    ; show_stmt_assign_vector: Get l-value for compressed += operand
    %load/vec4 v0000025fc4636330_0;
    %pushi/vec4 1, 0, 32;
    %add;
    %store/vec4 v0000025fc4636330_0, 0, 32;
    %jmp T_42.29;
T_42.28 ;
    %load/vec4 v0000025fc46361f0_0;
    %flag_set/vec4 8;
    %jmp/0xz  T_42.30, 8;
    %vpi_call/w 4 288 "$error", "[FLOW] ERROR: Accelerator reported failure with error_code=0x%02x", v0000025fc4637190_0 {0 0 0};
    ; show_stmt_assign_vector: Get l-value for compressed += operand
    %load/vec4 v0000025fc4636330_0;
    %pushi/vec4 1, 0, 32;
    %add;
    %store/vec4 v0000025fc4636330_0, 0, 32;
    %jmp T_42.31;
T_42.30 ;
    %vpi_call/w 4 291 "$display", "[FLOW] Accelerator finished successfully in %0d clock cycles!", v0000025fc45826d0_0 {0 0 0};
T_42.31 ;
T_42.29 ;
    %vpi_func 4 295 "$fopen" 32, "flow/output.hex", "w" {0 0 0};
    %store/vec4 v0000025fc46374b0_0, 0, 32;
    %vpi_call/w 4 296 "$display", "\012================================================================" {0 0 0};
    %vpi_call/w 4 297 "$display", "OUTPUT READBACK & VERIFICATION" {0 0 0};
    %vpi_call/w 4 298 "$display", "================================================================" {0 0 0};
    %pushi/vec4 0, 0, 32;
    %store/vec4 v0000025fc4636790_0, 0, 32;
T_42.32 ;
    %load/vec4 v0000025fc4636790_0;
    %load/vec4 v0000025fc4637c30_0;
    %cmp/s;
    %jmp/0xz T_42.33, 5;
    %alloc S_0000025fc460d0d0;
    %load/vec4 v0000025fc4636790_0;
    %parti/s 16, 0, 2;
    %store/vec4 v0000025fc4637f50_0, 0, 16;
    %fork TD_tb_flow.read_outmem, S_0000025fc460d0d0;
    %join;
    %load/vec4 v0000025fc4637870_0;
    %ix/getv/s 4, v0000025fc4636790_0;
    %store/vec4a v0000025fc4636830, 4, 0;
    %free S_0000025fc460d0d0;
    %ix/getv/s 4, v0000025fc4636790_0;
    %load/vec4a v0000025fc4636830, 4;
    %pushi/vec4 255, 0, 8;
    %and;
    %vpi_call/w 4 302 "$fwrite", v0000025fc46374b0_0, "%02x\012", S<0,vec4,u8> {1 0 0};
    %ix/getv/s 4, v0000025fc4636790_0;
    %load/vec4a v0000025fc4636830, 4;
    %ix/getv/s 4, v0000025fc4636790_0;
    %load/vec4a v0000025fc4637d70, 4;
    %cmp/e;
    %jmp/0xz  T_42.34, 6;
    %vpi_call/w 4 305 "$display", "  Output[%0d] = %0d (Expected: %0d)  [OK]", v0000025fc4636790_0, &A<v0000025fc4636830, v0000025fc4636790_0 >, &A<v0000025fc4637d70, v0000025fc4636790_0 > {0 0 0};
    %jmp T_42.35;
T_42.34 ;
    %vpi_call/w 4 307 "$error", "  Output[%0d] = %0d (Expected: %0d)  [MISMATCH]", v0000025fc4636790_0, &A<v0000025fc4636830, v0000025fc4636790_0 >, &A<v0000025fc4637d70, v0000025fc4636790_0 > {0 0 0};
    ; show_stmt_assign_vector: Get l-value for compressed += operand
    %load/vec4 v0000025fc4636330_0;
    %pushi/vec4 1, 0, 32;
    %add;
    %store/vec4 v0000025fc4636330_0, 0, 32;
T_42.35 ;
    ; show_stmt_assign_vector: Get l-value for compressed += operand
    %load/vec4 v0000025fc4636790_0;
    %pushi/vec4 1, 0, 32;
    %add;
    %store/vec4 v0000025fc4636790_0, 0, 32;
    %jmp T_42.32;
T_42.33 ;
    %vpi_call/w 4 311 "$fclose", v0000025fc46374b0_0 {0 0 0};
    %vpi_call/w 4 314 "$display", "================================================================" {0 0 0};
    %load/vec4 v0000025fc4636330_0;
    %cmpi/e 0, 0, 32;
    %jmp/0xz  T_42.36, 4;
    %vpi_call/w 4 316 "$display", ">>> ALL HARDWARE INFERENCE OUTPUTS MATCH GOLDEN REFERENCE! <<<" {0 0 0};
    %jmp T_42.37;
T_42.36 ;
    %vpi_call/w 4 318 "$display", ">>> FAILED: %0d mismatch(es) detected in hardware output! <<<", v0000025fc4636330_0 {0 0 0};
T_42.37 ;
    %vpi_call/w 4 320 "$display", "================================================================\012" {0 0 0};
    %vpi_call/w 4 322 "$finish" {0 0 0};
    %end;
    .scope S_0000025fc45a93a0;
t_8 %join;
    %end;
    .thread T_42;
# The file index is used to find the file name in the following table.
:file_names 23;
    "N/A";
    "<interactive>";
    "-";
    "rtl/tinyml_pkg.sv";
    "flow/tb_flow.sv";
    "rtl/top/tinyml_accelerator_top.sv";
    "rtl/memory/scratchpad_memory.sv";
    "rtl/memory/weight_memory.sv";
    "rtl/memory/bias_memory.sv";
    "rtl/frontend/controller_fsm.sv";
    "rtl/frontend/instruction_decoder.sv";
    "rtl/compute/dense_engine.sv";
    "rtl/compute/accumulator.sv";
    "rtl/compute/activation_unit.sv";
    "rtl/compute/bias_adder.sv";
    "rtl/compute/requantizer_runtime.sv";
    "rtl/compute/writeback_unit.sv";
    "rtl/frontend/instruction_fetch.sv";
    "rtl/memory/host_data_memory.sv";
    "rtl/frontend/instruction_memory.sv";
    "rtl/memory/memory_controller.sv";
    "rtl/memory/output_memory.sv";
    "rtl/frontend/program_counter.sv";
